2025-11-19 09:53:03 - src.utils.logger - INFO - logger.py:165 - 📝 Logging initialized - Retention: 7 days
2025-11-19 09:53:03 - src.utils.logger - INFO - logger.py:166 - 📂 INFO logs: logs/info
2025-11-19 09:53:03 - src.utils.logger - INFO - logger.py:167 - 📂 ERROR logs: logs/error
2025-11-19 09:53:03 - src.utils.logger - INFO - lifecycle.py:43 - Starting service...
2025-11-19 09:53:03 - src.common.mariadb.database - INFO - database.py:140 - Database initialized successfully
2025-11-19 09:53:03 - src.utils.logger - INFO - lifecycle.py:47 - Database connection available
2025-11-19 09:53:03 - src.models.models - INFO - models.py:148 - YOLO backbone model loaded from /Users/goodsee/dongwon/models/yolo12n.pt
2025-11-19 09:53:03 - src.models.models - INFO - models.py:148 - YOLO trained model loaded from /Users/goodsee/dongwon/models/best.pt
2025-11-19 09:53:03 - src.utils.logger - INFO - lifecycle.py:54 - YOLO model loaded
2025-11-19 09:53:03 - src.utils.logger - INFO - lifecycle.py:72 - Using remote VLM server: http://114.110.133.13:60005
2025-11-19 09:53:03 - src.models.vlm_client - INFO - vlm_client.py:21 - VLM HTTP Client initialized: http://114.110.133.13:60005
2025-11-19 09:53:03 - src.utils.logger - INFO - lifecycle.py:76 - Checking VLM server connection...
2025-11-19 09:53:03 - src.models.vlm_client - INFO - vlm_client.py:39 - VLM server health check passed: {'status': 'ok', 'vlm_ready': True, 'service': 'VLM Model Server'}
2025-11-19 09:53:03 - src.utils.logger - INFO - lifecycle.py:79 - VLM server connection verified (remote server mode)
2025-11-19 09:53:03 - src.utils.logger - INFO - lifecycle.py:124 - GUI enabled via ENABLE_GUI=true
2025-11-19 09:53:03 - src.utils.logger - INFO - gui.py:56 - GUI process started (pid=99035)
2025-11-19 09:53:03 - src.utils.logger - INFO - lifecycle.py:130 - API endpoints ready: YOLO and VLM enabled
2025-11-19 09:53:05 - src.utils.logger - INFO - lifecycle.py:140 - Shutting down services
2025-11-19 09:53:05 - src.utils.logger - INFO - gui.py:71 - Stopping GUI process (pid=99035)
2025-11-19 09:53:05 - src.models.models - INFO - models.py:168 - Unloading YOLO models...
2025-11-19 09:53:05 - src.models.models - INFO - models.py:175 - YOLO backbone model unloaded
2025-11-19 09:53:05 - src.models.models - INFO - models.py:175 - YOLO trained model unloaded
2025-11-19 09:53:05 - src.models.models - INFO - models.py:178 - YOLO models unloaded
2025-11-19 09:53:05 - src.utils.logger - INFO - lifecycle.py:165 - Shutdown complete
2025-11-19 09:53:11 - src.utils.logger - INFO - logger.py:165 - 📝 Logging initialized - Retention: 7 days
2025-11-19 09:53:11 - src.utils.logger - INFO - logger.py:166 - 📂 INFO logs: logs/info
2025-11-19 09:53:11 - src.utils.logger - INFO - logger.py:167 - 📂 ERROR logs: logs/error
2025-11-19 09:53:11 - src.utils.logger - INFO - lifecycle.py:43 - Starting service...
2025-11-19 09:53:11 - src.common.mariadb.database - INFO - database.py:140 - Database initialized successfully
2025-11-19 09:53:11 - src.utils.logger - INFO - lifecycle.py:47 - Database connection available
2025-11-19 09:53:11 - src.models.models - INFO - models.py:148 - YOLO backbone model loaded from /Users/goodsee/dongwon/models/yolo12n.pt
2025-11-19 09:53:11 - src.models.models - INFO - models.py:148 - YOLO trained model loaded from /Users/goodsee/dongwon/models/best.pt
2025-11-19 09:53:11 - src.utils.logger - INFO - lifecycle.py:54 - YOLO model loaded
2025-11-19 09:53:11 - src.utils.logger - INFO - lifecycle.py:72 - Using remote VLM server: http://114.110.133.13:60005
2025-11-19 09:53:11 - src.models.vlm_client - INFO - vlm_client.py:21 - VLM HTTP Client initialized: http://114.110.133.13:60005
2025-11-19 09:53:11 - src.utils.logger - INFO - lifecycle.py:76 - Checking VLM server connection...
2025-11-19 09:53:11 - src.models.vlm_client - INFO - vlm_client.py:39 - VLM server health check passed: {'status': 'ok', 'vlm_ready': True, 'service': 'VLM Model Server'}
2025-11-19 09:53:11 - src.utils.logger - INFO - lifecycle.py:79 - VLM server connection verified (remote server mode)
2025-11-19 09:53:11 - src.utils.logger - INFO - lifecycle.py:124 - GUI enabled via ENABLE_GUI=true
2025-11-19 09:53:11 - src.utils.logger - INFO - gui.py:56 - GUI process started (pid=99041)
2025-11-19 09:53:11 - src.utils.logger - INFO - lifecycle.py:130 - API endpoints ready: YOLO and VLM enabled
2025-11-19 09:53:12 - src.utils.request_logger - INFO - request_logger.py:132 - 127.0.0.1 | "GET /health" | 200 | 1.66ms
2025-11-19 09:53:15 - src.utils.logger - INFO - lifecycle.py:140 - Shutting down services
2025-11-19 09:53:15 - src.utils.logger - INFO - gui.py:71 - Stopping GUI process (pid=99041)
2025-11-19 09:53:15 - src.models.models - INFO - models.py:168 - Unloading YOLO models...
2025-11-19 09:53:15 - src.models.models - INFO - models.py:175 - YOLO backbone model unloaded
2025-11-19 09:53:15 - src.models.models - INFO - models.py:175 - YOLO trained model unloaded
2025-11-19 09:53:15 - src.models.models - INFO - models.py:178 - YOLO models unloaded
2025-11-19 09:53:15 - src.utils.logger - INFO - lifecycle.py:165 - Shutdown complete
2025-11-19 09:53:20 - src.utils.logger - INFO - logger.py:165 - 📝 Logging initialized - Retention: 7 days
2025-11-19 09:53:20 - src.utils.logger - INFO - logger.py:166 - 📂 INFO logs: logs/info
2025-11-19 09:53:20 - src.utils.logger - INFO - logger.py:167 - 📂 ERROR logs: logs/error
2025-11-19 09:53:20 - src.utils.logger - INFO - lifecycle.py:43 - Starting service...
2025-11-19 09:53:20 - src.common.mariadb.database - INFO - database.py:140 - Database initialized successfully
2025-11-19 09:53:20 - src.utils.logger - INFO - lifecycle.py:47 - Database connection available
2025-11-19 09:53:20 - src.models.models - INFO - models.py:148 - YOLO backbone model loaded from /Users/goodsee/dongwon/models/yolo12n.pt
2025-11-19 09:53:20 - src.models.models - INFO - models.py:148 - YOLO trained model loaded from /Users/goodsee/dongwon/models/best.pt
2025-11-19 09:53:20 - src.utils.logger - INFO - lifecycle.py:54 - YOLO model loaded
2025-11-19 09:53:20 - src.utils.logger - INFO - lifecycle.py:72 - Using remote VLM server: http://114.110.133.13:60005
2025-11-19 09:53:20 - src.models.vlm_client - INFO - vlm_client.py:21 - VLM HTTP Client initialized: http://114.110.133.13:60005
2025-11-19 09:53:20 - src.utils.logger - INFO - lifecycle.py:76 - Checking VLM server connection...
2025-11-19 09:53:20 - src.models.vlm_client - INFO - vlm_client.py:39 - VLM server health check passed: {'status': 'ok', 'vlm_ready': True, 'service': 'VLM Model Server'}
2025-11-19 09:53:20 - src.utils.logger - INFO - lifecycle.py:79 - VLM server connection verified (remote server mode)
2025-11-19 09:53:20 - src.utils.logger - INFO - lifecycle.py:124 - GUI enabled via ENABLE_GUI=true
2025-11-19 09:53:20 - src.utils.logger - INFO - gui.py:56 - GUI process started (pid=99057)
2025-11-19 09:53:20 - src.utils.logger - INFO - lifecycle.py:130 - API endpoints ready: YOLO and VLM enabled
2025-11-19 09:53:22 - src.utils.request_logger - INFO - request_logger.py:132 - 127.0.0.1 | "GET /health" | 200 | 0.90ms
2025-11-19 09:55:55 - src.utils.logger - INFO - lifecycle.py:140 - Shutting down services
2025-11-19 09:55:55 - src.utils.logger - INFO - gui.py:71 - Stopping GUI process (pid=99057)
2025-11-19 09:55:55 - src.models.models - INFO - models.py:168 - Unloading YOLO models...
2025-11-19 09:55:55 - src.models.models - INFO - models.py:175 - YOLO backbone model unloaded
2025-11-19 09:55:55 - src.models.models - INFO - models.py:175 - YOLO trained model unloaded
2025-11-19 09:55:55 - src.models.models - INFO - models.py:178 - YOLO models unloaded
2025-11-19 09:55:55 - src.utils.logger - INFO - lifecycle.py:165 - Shutdown complete
2025-11-19 09:56:02 - src.utils.logger - INFO - logger.py:165 - 📝 Logging initialized - Retention: 7 days
2025-11-19 09:56:02 - src.utils.logger - INFO - logger.py:166 - 📂 INFO logs: logs/info
2025-11-19 09:56:02 - src.utils.logger - INFO - logger.py:167 - 📂 ERROR logs: logs/error
2025-11-19 09:56:02 - src.utils.logger - INFO - lifecycle.py:43 - Starting service...
2025-11-19 09:56:02 - src.common.mariadb.database - INFO - database.py:140 - Database initialized successfully
2025-11-19 09:56:02 - src.utils.logger - INFO - lifecycle.py:47 - Database connection available
2025-11-19 09:56:02 - src.models.models - INFO - models.py:148 - YOLO backbone model loaded from /Users/goodsee/dongwon/models/yolo12n.pt
2025-11-19 09:56:02 - src.models.models - INFO - models.py:148 - YOLO trained model loaded from /Users/goodsee/dongwon/models/best.pt
2025-11-19 09:56:02 - src.utils.logger - INFO - lifecycle.py:54 - YOLO model loaded
2025-11-19 09:56:02 - src.utils.logger - INFO - lifecycle.py:72 - Using remote VLM server: http://114.110.133.13:60005
2025-11-19 09:56:02 - src.models.vlm_client - INFO - vlm_client.py:21 - VLM HTTP Client initialized: http://114.110.133.13:60005
2025-11-19 09:56:02 - src.utils.logger - INFO - lifecycle.py:76 - Checking VLM server connection...
2025-11-19 09:56:02 - src.models.vlm_client - INFO - vlm_client.py:39 - VLM server health check passed: {'status': 'ok', 'vlm_ready': True, 'service': 'VLM Model Server'}
2025-11-19 09:56:02 - src.utils.logger - INFO - lifecycle.py:79 - VLM server connection verified (remote server mode)
2025-11-19 09:56:02 - src.utils.logger - INFO - lifecycle.py:124 - GUI enabled via ENABLE_GUI=true
2025-11-19 09:56:02 - src.utils.logger - INFO - gui.py:56 - GUI process started (pid=99144)
2025-11-19 09:56:02 - src.utils.logger - INFO - lifecycle.py:130 - API endpoints ready: YOLO and VLM enabled
2025-11-19 09:56:04 - src.utils.request_logger - INFO - request_logger.py:132 - 127.0.0.1 | "GET /health" | 200 | 0.77ms
2025-11-19 09:56:10 - src.utils.logger - INFO - lifecycle.py:140 - Shutting down services
2025-11-19 09:56:10 - src.utils.logger - INFO - gui.py:71 - Stopping GUI process (pid=99144)
2025-11-19 09:56:10 - src.models.models - INFO - models.py:168 - Unloading YOLO models...
2025-11-19 09:56:10 - src.models.models - INFO - models.py:175 - YOLO backbone model unloaded
2025-11-19 09:56:10 - src.models.models - INFO - models.py:175 - YOLO trained model unloaded
2025-11-19 09:56:10 - src.models.models - INFO - models.py:178 - YOLO models unloaded
2025-11-19 09:56:10 - src.utils.logger - INFO - lifecycle.py:165 - Shutdown complete
2025-11-19 09:56:17 - src.utils.logger - INFO - logger.py:165 - 📝 Logging initialized - Retention: 7 days
2025-11-19 09:56:17 - src.utils.logger - INFO - logger.py:166 - 📂 INFO logs: logs/info
2025-11-19 09:56:17 - src.utils.logger - INFO - logger.py:167 - 📂 ERROR logs: logs/error
2025-11-19 09:56:17 - src.utils.logger - INFO - lifecycle.py:43 - Starting service...
2025-11-19 09:56:17 - src.common.mariadb.database - INFO - database.py:140 - Database initialized successfully
2025-11-19 09:56:17 - src.utils.logger - INFO - lifecycle.py:47 - Database connection available
2025-11-19 09:56:17 - src.models.models - INFO - models.py:148 - YOLO backbone model loaded from /Users/goodsee/dongwon/models/yolo12n.pt
2025-11-19 09:56:17 - src.models.models - INFO - models.py:148 - YOLO trained model loaded from /Users/goodsee/dongwon/models/best.pt
2025-11-19 09:56:17 - src.utils.logger - INFO - lifecycle.py:54 - YOLO model loaded
2025-11-19 09:56:17 - src.utils.logger - INFO - lifecycle.py:72 - Using remote VLM server: http://114.110.133.13:60005
2025-11-19 09:56:17 - src.models.vlm_client - INFO - vlm_client.py:21 - VLM HTTP Client initialized: http://114.110.133.13:60005
2025-11-19 09:56:17 - src.utils.logger - INFO - lifecycle.py:76 - Checking VLM server connection...
2025-11-19 09:56:17 - src.models.vlm_client - INFO - vlm_client.py:39 - VLM server health check passed: {'status': 'ok', 'vlm_ready': True, 'service': 'VLM Model Server'}
2025-11-19 09:56:17 - src.utils.logger - INFO - lifecycle.py:79 - VLM server connection verified (remote server mode)
2025-11-19 09:56:17 - src.utils.logger - INFO - lifecycle.py:124 - GUI enabled via ENABLE_GUI=true
2025-11-19 09:56:17 - src.utils.logger - INFO - gui.py:56 - GUI process started (pid=99155)
2025-11-19 09:56:17 - src.utils.logger - INFO - lifecycle.py:130 - API endpoints ready: YOLO and VLM enabled
2025-11-19 09:56:18 - src.utils.request_logger - INFO - request_logger.py:132 - 127.0.0.1 | "GET /health" | 200 | 1.29ms
2025-11-19 09:56:19 - src.utils.logger - INFO - lifecycle.py:140 - Shutting down services
2025-11-19 09:56:19 - src.utils.logger - INFO - gui.py:71 - Stopping GUI process (pid=99155)
2025-11-19 09:56:19 - src.models.models - INFO - models.py:168 - Unloading YOLO models...
2025-11-19 09:56:19 - src.models.models - INFO - models.py:175 - YOLO backbone model unloaded
2025-11-19 09:56:19 - src.models.models - INFO - models.py:175 - YOLO trained model unloaded
2025-11-19 09:56:19 - src.models.models - INFO - models.py:178 - YOLO models unloaded
2025-11-19 09:56:19 - src.utils.logger - INFO - lifecycle.py:165 - Shutdown complete
2025-11-19 09:56:25 - src.utils.logger - INFO - logger.py:165 - 📝 Logging initialized - Retention: 7 days
2025-11-19 09:56:25 - src.utils.logger - INFO - logger.py:166 - 📂 INFO logs: logs/info
2025-11-19 09:56:25 - src.utils.logger - INFO - logger.py:167 - 📂 ERROR logs: logs/error
2025-11-19 09:56:25 - src.utils.logger - INFO - lifecycle.py:43 - Starting service...
2025-11-19 09:56:25 - src.common.mariadb.database - INFO - database.py:140 - Database initialized successfully
2025-11-19 09:56:25 - src.utils.logger - INFO - lifecycle.py:47 - Database connection available
2025-11-19 09:56:25 - src.models.models - INFO - models.py:148 - YOLO backbone model loaded from /Users/goodsee/dongwon/models/yolo12n.pt
2025-11-19 09:56:25 - src.models.models - INFO - models.py:148 - YOLO trained model loaded from /Users/goodsee/dongwon/models/best.pt
2025-11-19 09:56:25 - src.utils.logger - INFO - lifecycle.py:54 - YOLO model loaded
2025-11-19 09:56:25 - src.utils.logger - INFO - lifecycle.py:72 - Using remote VLM server: http://114.110.133.13:60005
2025-11-19 09:56:25 - src.models.vlm_client - INFO - vlm_client.py:21 - VLM HTTP Client initialized: http://114.110.133.13:60005
2025-11-19 09:56:25 - src.utils.logger - INFO - lifecycle.py:76 - Checking VLM server connection...
2025-11-19 09:56:25 - src.models.vlm_client - INFO - vlm_client.py:39 - VLM server health check passed: {'status': 'ok', 'vlm_ready': True, 'service': 'VLM Model Server'}
2025-11-19 09:56:25 - src.utils.logger - INFO - lifecycle.py:79 - VLM server connection verified (remote server mode)
2025-11-19 09:56:25 - src.utils.logger - INFO - lifecycle.py:124 - GUI enabled via ENABLE_GUI=true
2025-11-19 09:56:25 - src.utils.logger - INFO - gui.py:56 - GUI process started (pid=99158)
2025-11-19 09:56:25 - src.utils.logger - INFO - lifecycle.py:130 - API endpoints ready: YOLO and VLM enabled
2025-11-19 09:56:26 - src.utils.request_logger - INFO - request_logger.py:132 - 127.0.0.1 | "GET /health" | 200 | 0.81ms
2025-11-19 10:13:25 - src.models.services - INFO - services.py:477 - Analysis type: object
2025-11-19 10:13:25 - src.models.services - INFO - services.py:482 - Object analysis: VLM=0, YOLO=0
2025-11-19 10:13:25 - src.models.services - INFO - services.py:520 - DB 2차 검증 시작: detected_item_name='new item', vlm_description='empty', vlm_description_ko='empty'
2025-11-19 10:13:25 - src.models.services - WARNING - services.py:537 - DB 2차 검증 스킵: vlm_description=False, vlm_description_ko=False
2025-11-19 10:13:25 - src.utils.request_logger - INFO - request_logger.py:132 - 127.0.0.1 | "POST /analyze" | 200 | 3193.96ms
2025-11-19 10:13:32 - src.api.web.item.item - INFO - item.py:177 - Item list requested: user=anonymous, page=1, page_size=100, search=new item
2025-11-19 10:13:32 - src.api.web.item.item_service - INFO - item_service.py:167 - 품목 목록 조회: total=1, page=1, page_size=100, returned=1, search='new item'
2025-11-19 10:13:32 - src.utils.request_logger - INFO - request_logger.py:132 - 127.0.0.1 | "GET /api/web/item/" | 200 | 16.30ms | query={"page": "1", "page_size": "100", "search": "new item"}
2025-11-19 10:13:38 - src.models.services - INFO - services.py:477 - Analysis type: object
2025-11-19 10:13:38 - src.models.services - INFO - services.py:482 - Object analysis: VLM=1, YOLO=0
2025-11-19 10:13:38 - src.models.services - INFO - services.py:520 - DB 2차 검증 시작: detected_item_name='new item', vlm_description='A young man with glasses and dark hair sitting in an office, hand near his mouth, surrounded by comp', vlm_description_ko='검은 머리에 안경을 쓴 청년이 사무실에 앉아 손을 입에 대고 컴퓨터 모니터와 사무용 가구로 둘러싸여 있습니다.'
2025-11-19 10:13:38 - src.models.services - INFO - services.py:185 - VLM keywords extracted: EN=16 (['young', 'man', 'glasses', 'dark', 'hair']), KO=15 (['검은', '머리에', '안경을', '청년이', '사무실에']), search_keywords=['young', 'man', 'glasses', 'dark', 'hair', '검은', '머리에', '안경을', '청년이', '사무실에']
2025-11-19 10:13:38 - src.models.services - INFO - services.py:256 - Fetched 0 items matching keywords from database (direct DB access)
2025-11-19 10:13:38 - src.models.services - INFO - services.py:535 - Found 0 similar items for 'new item'
2025-11-19 10:13:38 - src.utils.request_logger - INFO - request_logger.py:132 - 127.0.0.1 | "POST /analyze" | 200 | 5345.75ms
2025-11-19 10:13:51 - src.api.web.item.item - INFO - item.py:177 - Item list requested: user=anonymous, page=1, page_size=100, search=new item
2025-11-19 10:13:51 - src.api.web.item.item_service - INFO - item_service.py:167 - 품목 목록 조회: total=1, page=1, page_size=100, returned=1, search='new item'
2025-11-19 10:13:51 - src.utils.request_logger - INFO - request_logger.py:132 - 127.0.0.1 | "GET /api/web/item/" | 200 | 5.31ms | query={"page": "1", "page_size": "100", "search": "new item"}
2025-11-19 10:13:51 - src.api.web.item.item - INFO - item.py:125 - Item detail requested: user=anonymous, item_id=2
2025-11-19 10:13:51 - src.api.web.item.item_service - INFO - item_service.py:79 - 품목 조회: item_id=2, itemName=new item
2025-11-19 10:13:51 - src.utils.request_logger - INFO - request_logger.py:132 - 127.0.0.1 | "GET /api/web/item/2" | 200 | 4.70ms
2025-11-19 10:13:51 - src.api.web.detection.detection - INFO - detection.py:114 - Detection upload requested: user=anonymous, item_id=2, status=FALSE, item_count=1
2025-11-19 10:13:51 - src.api.web.detection.detection - INFO - detection.py:196 - Detection image stored at uploads/detection/2025-11-19/373bb592-23d9-44ec-8e8a-870409aa3859.jpg
2025-11-19 10:13:51 - src.api.web.detection.detection_service - INFO - detection_service.py:70 - Detection result created: id=51, item_id=2, status=FALSE
2025-11-19 10:13:51 - src.utils.request_logger - INFO - request_logger.py:132 - 127.0.0.1 | "POST /api/web/detection/upload-image" | 201 | 12.66ms
2025-11-19 10:13:56 - src.models.services - INFO - services.py:477 - Analysis type: object
2025-11-19 10:13:56 - src.models.services - INFO - services.py:482 - Object analysis: VLM=1, YOLO=0
2025-11-19 10:13:56 - src.models.services - INFO - services.py:520 - DB 2차 검증 시작: detected_item_name='new item', vlm_description='A person holding a dark brown smartphone with a triple-camera module in an office setting', vlm_description_ko='사무실에서 트리플 카메라 모듈이 장착된 어두운 갈색 스마트폰을 들고 있는 사람'
2025-11-19 10:13:56 - src.models.services - INFO - services.py:185 - VLM keywords extracted: EN=10 (['person', 'holding', 'dark', 'brown', 'smartphone']), KO=11 (['사무실에서', '트리플', '카메라', '모듈이', '장착된']), search_keywords=['person', 'holding', 'dark', 'brown', 'smartphone', '사무실에서', '트리플', '카메라', '모듈이', '장착된']
2025-11-19 10:13:56 - src.models.services - INFO - services.py:256 - Fetched 1 items matching keywords from database (direct DB access)
2025-11-19 10:13:56 - src.models.services - INFO - services.py:379 - Similar item found: 'cell phone' (score=0.385, item_id=5)
2025-11-19 10:13:56 - src.models.services - INFO - services.py:400 - DB 2차 검증 완료: detected='new item', found 1 similar items (from 1 total items, 1 with description, 1 processed)
2025-11-19 10:13:56 - src.models.services - INFO - services.py:403 - Top similar items: cell phone(0.39)
2025-11-19 10:13:56 - src.models.services - INFO - services.py:535 - Found 1 similar items for 'new item'
2025-11-19 10:13:56 - src.utils.request_logger - INFO - request_logger.py:132 - 127.0.0.1 | "POST /analyze" | 200 | 5266.55ms
2025-11-19 10:14:00 - src.api.web.item.item - INFO - item.py:177 - Item list requested: user=anonymous, page=1, page_size=100, search=cell phone
2025-11-19 10:14:00 - src.api.web.item.item_service - INFO - item_service.py:167 - 품목 목록 조회: total=1, page=1, page_size=100, returned=1, search='cell phone'
2025-11-19 10:14:00 - src.utils.request_logger - INFO - request_logger.py:132 - 127.0.0.1 | "GET /api/web/item/" | 200 | 5.04ms | query={"page": "1", "page_size": "100", "search": "cell phone"}
2025-11-19 10:14:00 - src.api.web.item.item - INFO - item.py:125 - Item detail requested: user=anonymous, item_id=5
2025-11-19 10:14:01 - src.api.web.item.item_service - INFO - item_service.py:79 - 품목 조회: item_id=5, itemName=cell phone
2025-11-19 10:14:01 - src.utils.request_logger - INFO - request_logger.py:132 - 127.0.0.1 | "GET /api/web/item/5" | 200 | 3.45ms
2025-11-19 10:14:01 - src.api.web.detection.detection - INFO - detection.py:114 - Detection upload requested: user=anonymous, item_id=5, status=TRUE, item_count=1
2025-11-19 10:14:01 - src.api.web.detection.detection - INFO - detection.py:196 - Detection image stored at uploads/detection/2025-11-19/ba4a1a03-16d5-4307-b121-be5350305d0c.jpg
2025-11-19 10:14:01 - src.api.web.detection.detection_service - INFO - detection_service.py:70 - Detection result created: id=52, item_id=5, status=TRUE
2025-11-19 10:14:01 - src.utils.request_logger - INFO - request_logger.py:132 - 127.0.0.1 | "POST /api/web/detection/upload-image" | 201 | 7.38ms
2025-11-19 10:14:36 - src.utils.logger - INFO - lifecycle.py:140 - Shutting down services
2025-11-19 10:14:36 - src.utils.logger - INFO - gui.py:71 - Stopping GUI process (pid=99158)
2025-11-19 10:14:36 - src.models.models - INFO - models.py:168 - Unloading YOLO models...
2025-11-19 10:14:36 - src.models.models - INFO - models.py:175 - YOLO backbone model unloaded
2025-11-19 10:14:36 - src.models.models - INFO - models.py:175 - YOLO trained model unloaded
2025-11-19 10:14:36 - src.models.models - INFO - models.py:178 - YOLO models unloaded
2025-11-19 10:14:36 - src.utils.logger - INFO - lifecycle.py:165 - Shutdown complete
2025-11-19 10:14:49 - src.utils.logger - INFO - logger.py:165 - 📝 Logging initialized - Retention: 7 days
2025-11-19 10:14:49 - src.utils.logger - INFO - logger.py:166 - 📂 INFO logs: logs/info
2025-11-19 10:14:49 - src.utils.logger - INFO - logger.py:167 - 📂 ERROR logs: logs/error
2025-11-19 10:14:49 - src.utils.logger - INFO - lifecycle.py:43 - Starting service...
2025-11-19 10:14:49 - src.common.mariadb.database - INFO - database.py:140 - Database initialized successfully
2025-11-19 10:14:49 - src.utils.logger - INFO - lifecycle.py:47 - Database connection available
2025-11-19 10:14:49 - src.models.models - INFO - models.py:148 - YOLO backbone model loaded from /Users/goodsee/dongwon/models/yolo12n.pt
2025-11-19 10:14:49 - src.models.models - INFO - models.py:148 - YOLO trained model loaded from /Users/goodsee/dongwon/models/best.pt
2025-11-19 10:14:49 - src.utils.logger - INFO - lifecycle.py:54 - YOLO model loaded
2025-11-19 10:14:49 - src.utils.logger - INFO - lifecycle.py:72 - Using remote VLM server: http://114.110.133.13:60005
2025-11-19 10:14:49 - src.models.vlm_client - INFO - vlm_client.py:21 - VLM HTTP Client initialized: http://114.110.133.13:60005
2025-11-19 10:14:49 - src.utils.logger - INFO - lifecycle.py:76 - Checking VLM server connection...
2025-11-19 10:14:49 - src.models.vlm_client - INFO - vlm_client.py:39 - VLM server health check passed: {'status': 'ok', 'vlm_ready': True, 'service': 'VLM Model Server'}
2025-11-19 10:14:49 - src.utils.logger - INFO - lifecycle.py:79 - VLM server connection verified (remote server mode)
2025-11-19 10:14:49 - src.utils.logger - INFO - lifecycle.py:124 - GUI enabled via ENABLE_GUI=true
2025-11-19 10:14:49 - src.utils.logger - INFO - gui.py:56 - GUI process started (pid=99488)
2025-11-19 10:14:49 - src.utils.logger - INFO - lifecycle.py:130 - API endpoints ready: YOLO and VLM enabled
2025-11-19 10:14:50 - src.utils.request_logger - INFO - request_logger.py:132 - 127.0.0.1 | "GET /health" | 200 | 0.84ms
2025-11-19 10:14:58 - src.utils.logger - INFO - lifecycle.py:140 - Shutting down services
2025-11-19 10:14:58 - src.utils.logger - INFO - gui.py:71 - Stopping GUI process (pid=99488)
2025-11-19 10:14:58 - src.models.models - INFO - models.py:168 - Unloading YOLO models...
2025-11-19 10:14:58 - src.models.models - INFO - models.py:175 - YOLO backbone model unloaded
2025-11-19 10:14:58 - src.models.models - INFO - models.py:175 - YOLO trained model unloaded
2025-11-19 10:14:58 - src.models.models - INFO - models.py:178 - YOLO models unloaded
2025-11-19 10:14:58 - src.utils.logger - INFO - lifecycle.py:165 - Shutdown complete
2025-11-19 10:15:04 - src.utils.logger - INFO - logger.py:165 - 📝 Logging initialized - Retention: 7 days
2025-11-19 10:15:04 - src.utils.logger - INFO - logger.py:166 - 📂 INFO logs: logs/info
2025-11-19 10:15:04 - src.utils.logger - INFO - logger.py:167 - 📂 ERROR logs: logs/error
2025-11-19 10:15:04 - src.utils.logger - INFO - lifecycle.py:43 - Starting service...
2025-11-19 10:15:04 - src.common.mariadb.database - INFO - database.py:140 - Database initialized successfully
2025-11-19 10:15:04 - src.utils.logger - INFO - lifecycle.py:47 - Database connection available
2025-11-19 10:15:04 - src.models.models - INFO - models.py:148 - YOLO backbone model loaded from /Users/goodsee/dongwon/models/yolo12n.pt
2025-11-19 10:15:04 - src.models.models - INFO - models.py:148 - YOLO trained model loaded from /Users/goodsee/dongwon/models/best.pt
2025-11-19 10:15:04 - src.utils.logger - INFO - lifecycle.py:54 - YOLO model loaded
2025-11-19 10:15:04 - src.utils.logger - INFO - lifecycle.py:72 - Using remote VLM server: http://114.110.133.13:60005
2025-11-19 10:15:04 - src.models.vlm_client - INFO - vlm_client.py:21 - VLM HTTP Client initialized: http://114.110.133.13:60005
2025-11-19 10:15:04 - src.utils.logger - INFO - lifecycle.py:76 - Checking VLM server connection...
2025-11-19 10:15:04 - src.models.vlm_client - INFO - vlm_client.py:39 - VLM server health check passed: {'status': 'ok', 'vlm_ready': True, 'service': 'VLM Model Server'}
2025-11-19 10:15:04 - src.utils.logger - INFO - lifecycle.py:79 - VLM server connection verified (remote server mode)
2025-11-19 10:15:04 - src.utils.logger - INFO - lifecycle.py:124 - GUI enabled via ENABLE_GUI=true
2025-11-19 10:15:04 - src.utils.logger - INFO - gui.py:56 - GUI process started (pid=99501)
2025-11-19 10:15:04 - src.utils.logger - INFO - lifecycle.py:130 - API endpoints ready: YOLO and VLM enabled
2025-11-19 10:15:05 - src.utils.request_logger - INFO - request_logger.py:132 - 127.0.0.1 | "GET /health" | 200 | 1.69ms
2025-11-19 10:15:08 - src.utils.logger - INFO - lifecycle.py:140 - Shutting down services
2025-11-19 10:15:08 - src.utils.logger - INFO - gui.py:71 - Stopping GUI process (pid=99501)
2025-11-19 10:15:08 - src.models.models - INFO - models.py:168 - Unloading YOLO models...
2025-11-19 10:15:08 - src.models.models - INFO - models.py:175 - YOLO backbone model unloaded
2025-11-19 10:15:08 - src.models.models - INFO - models.py:175 - YOLO trained model unloaded
2025-11-19 10:15:08 - src.models.models - INFO - models.py:178 - YOLO models unloaded
2025-11-19 10:15:08 - src.utils.logger - INFO - lifecycle.py:165 - Shutdown complete
2025-11-19 10:15:14 - src.utils.logger - INFO - logger.py:165 - 📝 Logging initialized - Retention: 7 days
2025-11-19 10:15:14 - src.utils.logger - INFO - logger.py:166 - 📂 INFO logs: logs/info
2025-11-19 10:15:14 - src.utils.logger - INFO - logger.py:167 - 📂 ERROR logs: logs/error
2025-11-19 10:15:14 - src.utils.logger - INFO - lifecycle.py:43 - Starting service...
2025-11-19 10:15:14 - src.common.mariadb.database - INFO - database.py:140 - Database initialized successfully
2025-11-19 10:15:14 - src.utils.logger - INFO - lifecycle.py:47 - Database connection available
2025-11-19 10:15:14 - src.models.models - INFO - models.py:148 - YOLO backbone model loaded from /Users/goodsee/dongwon/models/yolo12n.pt
2025-11-19 10:15:14 - src.models.models - INFO - models.py:148 - YOLO trained model loaded from /Users/goodsee/dongwon/models/best.pt
2025-11-19 10:15:14 - src.utils.logger - INFO - lifecycle.py:54 - YOLO model loaded
2025-11-19 10:15:14 - src.utils.logger - INFO - lifecycle.py:72 - Using remote VLM server: http://114.110.133.13:60005
2025-11-19 10:15:14 - src.models.vlm_client - INFO - vlm_client.py:21 - VLM HTTP Client initialized: http://114.110.133.13:60005
2025-11-19 10:15:14 - src.utils.logger - INFO - lifecycle.py:76 - Checking VLM server connection...
2025-11-19 10:15:14 - src.models.vlm_client - INFO - vlm_client.py:39 - VLM server health check passed: {'status': 'ok', 'vlm_ready': True, 'service': 'VLM Model Server'}
2025-11-19 10:15:14 - src.utils.logger - INFO - lifecycle.py:79 - VLM server connection verified (remote server mode)
2025-11-19 10:15:14 - src.utils.logger - INFO - lifecycle.py:124 - GUI enabled via ENABLE_GUI=true
2025-11-19 10:15:14 - src.utils.logger - INFO - gui.py:56 - GUI process started (pid=99514)
2025-11-19 10:15:14 - src.utils.logger - INFO - lifecycle.py:130 - API endpoints ready: YOLO and VLM enabled
2025-11-19 10:15:15 - src.utils.request_logger - INFO - request_logger.py:132 - 127.0.0.1 | "GET /health" | 200 | 0.62ms
2025-11-19 10:16:15 - src.models.services - INFO - services.py:477 - Analysis type: object
2025-11-19 10:16:15 - src.models.services - INFO - services.py:482 - Object analysis: VLM=1, YOLO=0
2025-11-19 10:16:15 - src.models.services - INFO - services.py:520 - DB 2차 검증 시작: detected_item_name='new item', vlm_description='A person wearing glasses and a gray jacket sitting at a desk in an office with multiple computer mon', vlm_description_ko='여러 대의 컴퓨터 모니터와 사무용 가구가 있는 사무실의 책상에 안경과 회색 재킷을 입은 사람이 앉아 있습니다.'
2025-11-19 10:16:15 - src.models.services - INFO - services.py:185 - VLM keywords extracted: EN=13 (['person', 'wearing', 'glasses', 'gray', 'jacket']), KO=16 (['여러', '대의', '컴퓨터', '모니터와', '사무용']), search_keywords=['person', 'wearing', 'glasses', 'gray', 'jacket', '여러', '대의', '컴퓨터', '모니터와', '사무용']
2025-11-19 10:16:15 - src.models.services - INFO - services.py:256 - Fetched 0 items matching keywords from database (direct DB access)
2025-11-19 10:16:15 - src.models.services - INFO - services.py:535 - Found 0 similar items for 'new item'
2025-11-19 10:16:15 - src.utils.request_logger - INFO - request_logger.py:132 - 127.0.0.1 | "POST /analyze" | 200 | 4655.37ms
2025-11-19 10:17:32 - src.utils.logger - INFO - lifecycle.py:140 - Shutting down services
2025-11-19 10:17:32 - src.utils.logger - INFO - gui.py:71 - Stopping GUI process (pid=99514)
2025-11-19 10:17:32 - src.models.models - INFO - models.py:168 - Unloading YOLO models...
2025-11-19 10:17:32 - src.models.models - INFO - models.py:175 - YOLO backbone model unloaded
2025-11-19 10:17:32 - src.models.models - INFO - models.py:175 - YOLO trained model unloaded
2025-11-19 10:17:32 - src.models.models - INFO - models.py:178 - YOLO models unloaded
2025-11-19 10:17:32 - src.utils.logger - INFO - lifecycle.py:165 - Shutdown complete
2025-11-19 10:17:38 - src.utils.logger - INFO - logger.py:165 - 📝 Logging initialized - Retention: 7 days
2025-11-19 10:17:38 - src.utils.logger - INFO - logger.py:166 - 📂 INFO logs: logs/info
2025-11-19 10:17:38 - src.utils.logger - INFO - logger.py:167 - 📂 ERROR logs: logs/error
2025-11-19 10:17:38 - src.utils.logger - INFO - lifecycle.py:43 - Starting service...
2025-11-19 10:17:39 - src.common.mariadb.database - INFO - database.py:140 - Database initialized successfully
2025-11-19 10:17:39 - src.utils.logger - INFO - lifecycle.py:47 - Database connection available
2025-11-19 10:17:39 - src.models.models - INFO - models.py:148 - YOLO backbone model loaded from /Users/goodsee/dongwon/models/yolo12n.pt
2025-11-19 10:17:39 - src.models.models - INFO - models.py:148 - YOLO trained model loaded from /Users/goodsee/dongwon/models/best.pt
2025-11-19 10:17:39 - src.utils.logger - INFO - lifecycle.py:54 - YOLO model loaded
2025-11-19 10:17:39 - src.utils.logger - INFO - lifecycle.py:72 - Using remote VLM server: http://114.110.133.13:60005
2025-11-19 10:17:39 - src.models.vlm_client - INFO - vlm_client.py:21 - VLM HTTP Client initialized: http://114.110.133.13:60005
2025-11-19 10:17:39 - src.utils.logger - INFO - lifecycle.py:76 - Checking VLM server connection...
2025-11-19 10:17:39 - src.models.vlm_client - INFO - vlm_client.py:39 - VLM server health check passed: {'status': 'ok', 'vlm_ready': True, 'service': 'VLM Model Server'}
2025-11-19 10:17:39 - src.utils.logger - INFO - lifecycle.py:79 - VLM server connection verified (remote server mode)
2025-11-19 10:17:39 - src.utils.logger - INFO - lifecycle.py:124 - GUI enabled via ENABLE_GUI=true
2025-11-19 10:17:39 - src.utils.logger - INFO - gui.py:56 - GUI process started (pid=99573)
2025-11-19 10:17:39 - src.utils.logger - INFO - lifecycle.py:130 - API endpoints ready: YOLO and VLM enabled
2025-11-19 10:17:40 - src.utils.request_logger - INFO - request_logger.py:132 - 127.0.0.1 | "GET /health" | 200 | 0.81ms
2025-11-19 10:21:15 - src.utils.logger - INFO - lifecycle.py:140 - Shutting down services
2025-11-19 10:21:15 - src.utils.logger - INFO - gui.py:71 - Stopping GUI process (pid=99573)
2025-11-19 10:21:15 - src.models.models - INFO - models.py:168 - Unloading YOLO models...
2025-11-19 10:21:15 - src.models.models - INFO - models.py:175 - YOLO backbone model unloaded
2025-11-19 10:21:15 - src.models.models - INFO - models.py:175 - YOLO trained model unloaded
2025-11-19 10:21:15 - src.models.models - INFO - models.py:178 - YOLO models unloaded
2025-11-19 10:21:15 - src.utils.logger - INFO - lifecycle.py:165 - Shutdown complete
2025-11-19 10:21:22 - src.utils.logger - INFO - logger.py:165 - 📝 Logging initialized - Retention: 7 days
2025-11-19 10:21:22 - src.utils.logger - INFO - logger.py:166 - 📂 INFO logs: logs/info
2025-11-19 10:21:22 - src.utils.logger - INFO - logger.py:167 - 📂 ERROR logs: logs/error
2025-11-19 10:21:22 - src.utils.logger - INFO - lifecycle.py:43 - Starting service...
2025-11-19 10:21:22 - src.common.mariadb.database - INFO - database.py:140 - Database initialized successfully
2025-11-19 10:21:22 - src.utils.logger - INFO - lifecycle.py:47 - Database connection available
2025-11-19 10:21:22 - src.models.models - INFO - models.py:148 - YOLO backbone model loaded from /Users/goodsee/dongwon/models/yolo12n.pt
2025-11-19 10:21:22 - src.models.models - INFO - models.py:148 - YOLO trained model loaded from /Users/goodsee/dongwon/models/best.pt
2025-11-19 10:21:22 - src.utils.logger - INFO - lifecycle.py:54 - YOLO model loaded
2025-11-19 10:21:22 - src.utils.logger - INFO - lifecycle.py:72 - Using remote VLM server: http://114.110.133.13:60005
2025-11-19 10:21:22 - src.models.vlm_client - INFO - vlm_client.py:21 - VLM HTTP Client initialized: http://114.110.133.13:60005
2025-11-19 10:21:22 - src.utils.logger - INFO - lifecycle.py:76 - Checking VLM server connection...
2025-11-19 10:21:22 - src.models.vlm_client - INFO - vlm_client.py:39 - VLM server health check passed: {'status': 'ok', 'vlm_ready': True, 'service': 'VLM Model Server'}
2025-11-19 10:21:22 - src.utils.logger - INFO - lifecycle.py:79 - VLM server connection verified (remote server mode)
2025-11-19 10:21:22 - src.utils.logger - INFO - lifecycle.py:124 - GUI enabled via ENABLE_GUI=true
2025-11-19 10:21:22 - src.utils.logger - INFO - gui.py:56 - GUI process started (pid=99698)
2025-11-19 10:21:22 - src.utils.logger - INFO - lifecycle.py:130 - API endpoints ready: YOLO and VLM enabled
2025-11-19 10:21:23 - src.utils.request_logger - INFO - request_logger.py:132 - 127.0.0.1 | "GET /health" | 200 | 0.82ms
2025-11-19 10:21:41 - src.utils.logger - INFO - lifecycle.py:140 - Shutting down services
2025-11-19 10:21:41 - src.utils.logger - INFO - gui.py:71 - Stopping GUI process (pid=99698)
2025-11-19 10:21:41 - src.models.models - INFO - models.py:168 - Unloading YOLO models...
2025-11-19 10:21:41 - src.models.models - INFO - models.py:175 - YOLO backbone model unloaded
2025-11-19 10:21:41 - src.models.models - INFO - models.py:175 - YOLO trained model unloaded
2025-11-19 10:21:41 - src.models.models - INFO - models.py:178 - YOLO models unloaded
2025-11-19 10:21:41 - src.utils.logger - INFO - lifecycle.py:165 - Shutdown complete
2025-11-19 10:21:49 - src.utils.logger - INFO - logger.py:165 - 📝 Logging initialized - Retention: 7 days
2025-11-19 10:21:49 - src.utils.logger - INFO - logger.py:166 - 📂 INFO logs: logs/info
2025-11-19 10:21:49 - src.utils.logger - INFO - logger.py:167 - 📂 ERROR logs: logs/error
2025-11-19 10:21:49 - src.utils.logger - INFO - lifecycle.py:43 - Starting service...
2025-11-19 10:21:49 - src.common.mariadb.database - INFO - database.py:140 - Database initialized successfully
2025-11-19 10:21:49 - src.utils.logger - INFO - lifecycle.py:47 - Database connection available
2025-11-19 10:21:49 - src.models.models - INFO - models.py:148 - YOLO backbone model loaded from /Users/goodsee/dongwon/models/yolo12n.pt
2025-11-19 10:21:49 - src.models.models - INFO - models.py:148 - YOLO trained model loaded from /Users/goodsee/dongwon/models/best.pt
2025-11-19 10:21:49 - src.utils.logger - INFO - lifecycle.py:54 - YOLO model loaded
2025-11-19 10:21:49 - src.utils.logger - INFO - lifecycle.py:72 - Using remote VLM server: http://114.110.133.13:60005
2025-11-19 10:21:49 - src.models.vlm_client - INFO - vlm_client.py:21 - VLM HTTP Client initialized: http://114.110.133.13:60005
2025-11-19 10:21:49 - src.utils.logger - INFO - lifecycle.py:76 - Checking VLM server connection...
2025-11-19 10:21:49 - src.models.vlm_client - INFO - vlm_client.py:39 - VLM server health check passed: {'status': 'ok', 'vlm_ready': True, 'service': 'VLM Model Server'}
2025-11-19 10:21:49 - src.utils.logger - INFO - lifecycle.py:79 - VLM server connection verified (remote server mode)
2025-11-19 10:21:49 - src.utils.logger - INFO - lifecycle.py:124 - GUI enabled via ENABLE_GUI=true
2025-11-19 10:21:49 - src.utils.logger - INFO - gui.py:56 - GUI process started (pid=99726)
2025-11-19 10:21:49 - src.utils.logger - INFO - lifecycle.py:130 - API endpoints ready: YOLO and VLM enabled
2025-11-19 10:21:51 - src.utils.request_logger - INFO - request_logger.py:132 - 127.0.0.1 | "GET /health" | 200 | 0.91ms
2025-11-19 10:21:56 - src.utils.logger - INFO - lifecycle.py:140 - Shutting down services
2025-11-19 10:21:56 - src.utils.logger - INFO - gui.py:71 - Stopping GUI process (pid=99726)
2025-11-19 10:21:56 - src.models.models - INFO - models.py:168 - Unloading YOLO models...
2025-11-19 10:21:56 - src.models.models - INFO - models.py:175 - YOLO backbone model unloaded
2025-11-19 10:21:56 - src.models.models - INFO - models.py:175 - YOLO trained model unloaded
2025-11-19 10:21:56 - src.models.models - INFO - models.py:178 - YOLO models unloaded
2025-11-19 10:21:56 - src.utils.logger - INFO - lifecycle.py:165 - Shutdown complete
2025-11-19 10:22:01 - src.utils.logger - INFO - logger.py:165 - 📝 Logging initialized - Retention: 7 days
2025-11-19 10:22:01 - src.utils.logger - INFO - logger.py:166 - 📂 INFO logs: logs/info
2025-11-19 10:22:01 - src.utils.logger - INFO - logger.py:167 - 📂 ERROR logs: logs/error
2025-11-19 10:22:01 - src.utils.logger - INFO - lifecycle.py:43 - Starting service...
2025-11-19 10:22:01 - src.common.mariadb.database - INFO - database.py:140 - Database initialized successfully
2025-11-19 10:22:01 - src.utils.logger - INFO - lifecycle.py:47 - Database connection available
2025-11-19 10:22:01 - src.models.models - INFO - models.py:148 - YOLO backbone model loaded from /Users/goodsee/dongwon/models/yolo12n.pt
2025-11-19 10:22:01 - src.models.models - INFO - models.py:148 - YOLO trained model loaded from /Users/goodsee/dongwon/models/best.pt
2025-11-19 10:22:01 - src.utils.logger - INFO - lifecycle.py:54 - YOLO model loaded
2025-11-19 10:22:01 - src.utils.logger - INFO - lifecycle.py:72 - Using remote VLM server: http://114.110.133.13:60005
2025-11-19 10:22:01 - src.models.vlm_client - INFO - vlm_client.py:21 - VLM HTTP Client initialized: http://114.110.133.13:60005
2025-11-19 10:22:01 - src.utils.logger - INFO - lifecycle.py:76 - Checking VLM server connection...
2025-11-19 10:22:01 - src.models.vlm_client - INFO - vlm_client.py:39 - VLM server health check passed: {'status': 'ok', 'vlm_ready': True, 'service': 'VLM Model Server'}
2025-11-19 10:22:01 - src.utils.logger - INFO - lifecycle.py:79 - VLM server connection verified (remote server mode)
2025-11-19 10:22:01 - src.utils.logger - INFO - lifecycle.py:124 - GUI enabled via ENABLE_GUI=true
2025-11-19 10:22:02 - src.utils.logger - INFO - gui.py:56 - GUI process started (pid=99742)
2025-11-19 10:22:02 - src.utils.logger - INFO - lifecycle.py:130 - API endpoints ready: YOLO and VLM enabled
2025-11-19 10:22:03 - src.utils.request_logger - INFO - request_logger.py:132 - 127.0.0.1 | "GET /health" | 200 | 0.80ms
2025-11-19 10:22:20 - src.models.services - INFO - services.py:477 - Analysis type: object
2025-11-19 10:22:20 - src.models.services - INFO - services.py:482 - Object analysis: VLM=2, YOLO=0
2025-11-19 10:22:20 - src.models.services - INFO - services.py:520 - DB 2차 검증 시작: detected_item_name='new item', vlm_description='Two young men in an office setting making peace signs with their hands', vlm_description_ko='사무실에서 손으로 평화 신호를 보내는 두 청년'
2025-11-19 10:22:20 - src.models.services - INFO - services.py:185 - VLM keywords extracted: EN=10 (['two', 'young', 'men', 'office', 'setting']), KO=6 (['사무실에서', '손으로', '평화', '신호를', '보내는']), search_keywords=['two', 'young', 'men', 'office', 'setting', '사무실에서', '손으로', '평화', '신호를', '보내는']
2025-11-19 10:22:20 - src.models.services - INFO - services.py:256 - Fetched 0 items matching keywords from database (direct DB access)
2025-11-19 10:22:20 - src.models.services - INFO - services.py:535 - Found 0 similar items for 'new item'
2025-11-19 10:22:20 - src.utils.request_logger - INFO - request_logger.py:132 - 127.0.0.1 | "POST /analyze" | 200 | 4206.57ms
2025-11-19 10:23:43 - src.utils.logger - INFO - lifecycle.py:140 - Shutting down services
2025-11-19 10:23:43 - src.utils.logger - INFO - gui.py:71 - Stopping GUI process (pid=99742)
2025-11-19 10:23:43 - src.models.models - INFO - models.py:168 - Unloading YOLO models...
2025-11-19 10:23:43 - src.models.models - INFO - models.py:175 - YOLO backbone model unloaded
2025-11-19 10:23:43 - src.models.models - INFO - models.py:175 - YOLO trained model unloaded
2025-11-19 10:23:43 - src.models.models - INFO - models.py:178 - YOLO models unloaded
2025-11-19 10:23:43 - src.utils.logger - INFO - lifecycle.py:165 - Shutdown complete
2025-11-19 10:23:52 - src.utils.logger - INFO - logger.py:165 - 📝 Logging initialized - Retention: 7 days
2025-11-19 10:23:52 - src.utils.logger - INFO - logger.py:166 - 📂 INFO logs: logs/info
2025-11-19 10:23:52 - src.utils.logger - INFO - logger.py:167 - 📂 ERROR logs: logs/error
2025-11-19 10:23:52 - src.utils.logger - INFO - lifecycle.py:43 - Starting service...
2025-11-19 10:23:52 - src.common.mariadb.database - INFO - database.py:140 - Database initialized successfully
2025-11-19 10:23:52 - src.utils.logger - INFO - lifecycle.py:47 - Database connection available
2025-11-19 10:23:52 - src.models.models - INFO - models.py:148 - YOLO backbone model loaded from /Users/goodsee/dongwon/models/yolo12n.pt
2025-11-19 10:23:52 - src.models.models - INFO - models.py:148 - YOLO trained model loaded from /Users/goodsee/dongwon/models/best.pt
2025-11-19 10:23:52 - src.utils.logger - INFO - lifecycle.py:54 - YOLO model loaded
2025-11-19 10:23:52 - src.utils.logger - INFO - lifecycle.py:72 - Using remote VLM server: http://114.110.133.13:60005
2025-11-19 10:23:52 - src.models.vlm_client - INFO - vlm_client.py:21 - VLM HTTP Client initialized: http://114.110.133.13:60005
2025-11-19 10:23:52 - src.utils.logger - INFO - lifecycle.py:76 - Checking VLM server connection...
2025-11-19 10:23:52 - src.models.vlm_client - INFO - vlm_client.py:39 - VLM server health check passed: {'status': 'ok', 'vlm_ready': True, 'service': 'VLM Model Server'}
2025-11-19 10:23:52 - src.utils.logger - INFO - lifecycle.py:79 - VLM server connection verified (remote server mode)
2025-11-19 10:23:52 - src.utils.logger - INFO - lifecycle.py:124 - GUI enabled via ENABLE_GUI=true
2025-11-19 10:23:52 - src.utils.logger - INFO - gui.py:56 - GUI process started (pid=99798)
2025-11-19 10:23:52 - src.utils.logger - INFO - lifecycle.py:130 - API endpoints ready: YOLO and VLM enabled
2025-11-19 10:23:54 - src.utils.request_logger - INFO - request_logger.py:132 - 127.0.0.1 | "GET /health" | 200 | 0.82ms
2025-11-19 10:23:59 - src.utils.logger - INFO - lifecycle.py:140 - Shutting down services
2025-11-19 10:23:59 - src.utils.logger - INFO - gui.py:71 - Stopping GUI process (pid=99798)
2025-11-19 10:23:59 - src.models.models - INFO - models.py:168 - Unloading YOLO models...
2025-11-19 10:23:59 - src.models.models - INFO - models.py:175 - YOLO backbone model unloaded
2025-11-19 10:23:59 - src.models.models - INFO - models.py:175 - YOLO trained model unloaded
2025-11-19 10:23:59 - src.models.models - INFO - models.py:178 - YOLO models unloaded
2025-11-19 10:23:59 - src.utils.logger - INFO - lifecycle.py:165 - Shutdown complete
2025-11-19 10:24:05 - src.utils.logger - INFO - logger.py:165 - 📝 Logging initialized - Retention: 7 days
2025-11-19 10:24:05 - src.utils.logger - INFO - logger.py:166 - 📂 INFO logs: logs/info
2025-11-19 10:24:05 - src.utils.logger - INFO - logger.py:167 - 📂 ERROR logs: logs/error
2025-11-19 10:24:05 - src.utils.logger - INFO - lifecycle.py:43 - Starting service...
2025-11-19 10:24:05 - src.common.mariadb.database - INFO - database.py:140 - Database initialized successfully
2025-11-19 10:24:05 - src.utils.logger - INFO - lifecycle.py:47 - Database connection available
2025-11-19 10:24:05 - src.models.models - INFO - models.py:148 - YOLO backbone model loaded from /Users/goodsee/dongwon/models/yolo12n.pt
2025-11-19 10:24:05 - src.models.models - INFO - models.py:148 - YOLO trained model loaded from /Users/goodsee/dongwon/models/best.pt
2025-11-19 10:24:05 - src.utils.logger - INFO - lifecycle.py:54 - YOLO model loaded
2025-11-19 10:24:05 - src.utils.logger - INFO - lifecycle.py:72 - Using remote VLM server: http://114.110.133.13:60005
2025-11-19 10:24:05 - src.models.vlm_client - INFO - vlm_client.py:21 - VLM HTTP Client initialized: http://114.110.133.13:60005
2025-11-19 10:24:05 - src.utils.logger - INFO - lifecycle.py:76 - Checking VLM server connection...
2025-11-19 10:24:05 - src.models.vlm_client - INFO - vlm_client.py:39 - VLM server health check passed: {'status': 'ok', 'vlm_ready': True, 'service': 'VLM Model Server'}
2025-11-19 10:24:05 - src.utils.logger - INFO - lifecycle.py:79 - VLM server connection verified (remote server mode)
2025-11-19 10:24:05 - src.utils.logger - INFO - lifecycle.py:124 - GUI enabled via ENABLE_GUI=true
2025-11-19 10:24:05 - src.utils.logger - INFO - gui.py:56 - GUI process started (pid=99812)
2025-11-19 10:24:05 - src.utils.logger - INFO - lifecycle.py:130 - API endpoints ready: YOLO and VLM enabled
2025-11-19 10:24:06 - src.utils.request_logger - INFO - request_logger.py:132 - 127.0.0.1 | "GET /health" | 200 | 0.91ms
2025-11-19 10:24:40 - src.models.services - INFO - services.py:477 - Analysis type: object
2025-11-19 10:24:40 - src.models.services - INFO - services.py:482 - Object analysis: VLM=1, YOLO=0
2025-11-19 10:24:40 - src.models.services - INFO - services.py:520 - DB 2차 검증 시작: detected_item_name='new item', vlm_description='A person wearing glasses and a dark jacket sitting at a desk in an office environment with multiple ', vlm_description_ko='여러 대의 컴퓨터 모니터가 있는 사무실 환경에서 안경과 어두운 재킷을 입은 사람이 책상에 앉아 있습니다.'
2025-11-19 10:24:40 - src.models.services - INFO - services.py:185 - VLM keywords extracted: EN=12 (['person', 'wearing', 'glasses', 'dark', 'jacket']), KO=15 (['여러', '대의', '컴퓨터', '모니터가', '있는']), search_keywords=['person', 'wearing', 'glasses', 'dark', 'jacket', '여러', '대의', '컴퓨터', '모니터가', '있는']
2025-11-19 10:24:40 - src.models.services - INFO - services.py:256 - Fetched 0 items matching keywords from database (direct DB access)
2025-11-19 10:24:40 - src.models.services - INFO - services.py:535 - Found 0 similar items for 'new item'
2025-11-19 10:24:40 - src.utils.request_logger - INFO - request_logger.py:132 - 127.0.0.1 | "POST /analyze" | 200 | 5204.42ms
2025-11-19 10:24:46 - src.api.web.item.item - INFO - item.py:177 - Item list requested: user=anonymous, page=1, page_size=100, search=new item
2025-11-19 10:24:46 - src.api.web.item.item_service - INFO - item_service.py:167 - 품목 목록 조회: total=1, page=1, page_size=100, returned=1, search='new item'
2025-11-19 10:24:46 - src.utils.request_logger - INFO - request_logger.py:132 - 127.0.0.1 | "GET /api/web/item/" | 200 | 11.36ms | query={"page": "1", "page_size": "100", "search": "new item"}
2025-11-19 10:24:46 - src.api.web.item.item - INFO - item.py:125 - Item detail requested: user=anonymous, item_id=2
2025-11-19 10:24:46 - src.api.web.item.item_service - INFO - item_service.py:79 - 품목 조회: item_id=2, itemName=new item
2025-11-19 10:24:46 - src.utils.request_logger - INFO - request_logger.py:132 - 127.0.0.1 | "GET /api/web/item/2" | 200 | 5.66ms
2025-11-19 10:24:46 - src.api.web.detection.detection - INFO - detection.py:114 - Detection upload requested: user=anonymous, item_id=2, status=FALSE, item_count=1
2025-11-19 10:24:46 - src.api.web.detection.detection - INFO - detection.py:196 - Detection image stored at uploads/detection/2025-11-19/67c98419-d563-4f0b-9bc4-8d3d6ca11bc0.jpg
2025-11-19 10:24:46 - src.api.web.detection.detection_service - INFO - detection_service.py:70 - Detection result created: id=53, item_id=2, status=FALSE
2025-11-19 10:24:46 - src.utils.request_logger - INFO - request_logger.py:132 - 127.0.0.1 | "POST /api/web/detection/upload-image" | 201 | 14.06ms
2025-11-19 10:25:34 - src.utils.logger - INFO - lifecycle.py:140 - Shutting down services
2025-11-19 10:25:34 - src.models.models - INFO - models.py:168 - Unloading YOLO models...
2025-11-19 10:25:34 - src.models.models - INFO - models.py:175 - YOLO backbone model unloaded
2025-11-19 10:25:34 - src.models.models - INFO - models.py:175 - YOLO trained model unloaded
2025-11-19 10:25:34 - src.models.models - INFO - models.py:178 - YOLO models unloaded
2025-11-19 10:25:34 - src.utils.logger - INFO - lifecycle.py:165 - Shutdown complete
2025-11-19 10:25:40 - src.utils.logger - INFO - logger.py:165 - 📝 Logging initialized - Retention: 7 days
2025-11-19 10:25:40 - src.utils.logger - INFO - logger.py:166 - 📂 INFO logs: logs/info
2025-11-19 10:25:40 - src.utils.logger - INFO - logger.py:167 - 📂 ERROR logs: logs/error
2025-11-19 10:25:40 - src.utils.logger - INFO - lifecycle.py:43 - Starting service...
2025-11-19 10:25:40 - src.common.mariadb.database - INFO - database.py:140 - Database initialized successfully
2025-11-19 10:25:40 - src.utils.logger - INFO - lifecycle.py:47 - Database connection available
2025-11-19 10:25:40 - src.models.models - INFO - models.py:148 - YOLO backbone model loaded from /Users/goodsee/dongwon/models/yolo12n.pt
2025-11-19 10:25:40 - src.models.models - INFO - models.py:148 - YOLO trained model loaded from /Users/goodsee/dongwon/models/best.pt
2025-11-19 10:25:40 - src.utils.logger - INFO - lifecycle.py:54 - YOLO model loaded
2025-11-19 10:25:40 - src.utils.logger - INFO - lifecycle.py:72 - Using remote VLM server: http://114.110.133.13:60005
2025-11-19 10:25:40 - src.models.vlm_client - INFO - vlm_client.py:21 - VLM HTTP Client initialized: http://114.110.133.13:60005
2025-11-19 10:25:40 - src.utils.logger - INFO - lifecycle.py:76 - Checking VLM server connection...
2025-11-19 10:25:40 - src.models.vlm_client - INFO - vlm_client.py:39 - VLM server health check passed: {'status': 'ok', 'vlm_ready': True, 'service': 'VLM Model Server'}
2025-11-19 10:25:40 - src.utils.logger - INFO - lifecycle.py:79 - VLM server connection verified (remote server mode)
2025-11-19 10:25:40 - src.utils.logger - INFO - lifecycle.py:124 - GUI enabled via ENABLE_GUI=true
2025-11-19 10:25:40 - src.utils.logger - INFO - gui.py:56 - GUI process started (pid=99854)
2025-11-19 10:25:40 - src.utils.logger - INFO - lifecycle.py:130 - API endpoints ready: YOLO and VLM enabled
2025-11-19 10:25:42 - src.utils.logger - INFO - lifecycle.py:140 - Shutting down services
2025-11-19 10:25:42 - src.utils.logger - INFO - gui.py:71 - Stopping GUI process (pid=99854)
2025-11-19 10:25:42 - src.models.models - INFO - models.py:168 - Unloading YOLO models...
2025-11-19 10:25:42 - src.models.models - INFO - models.py:175 - YOLO backbone model unloaded
2025-11-19 10:25:42 - src.models.models - INFO - models.py:175 - YOLO trained model unloaded
2025-11-19 10:25:42 - src.models.models - INFO - models.py:178 - YOLO models unloaded
2025-11-19 10:25:42 - src.utils.logger - INFO - lifecycle.py:165 - Shutdown complete
2025-11-19 10:25:48 - src.utils.logger - INFO - logger.py:165 - 📝 Logging initialized - Retention: 7 days
2025-11-19 10:25:48 - src.utils.logger - INFO - logger.py:166 - 📂 INFO logs: logs/info
2025-11-19 10:25:48 - src.utils.logger - INFO - logger.py:167 - 📂 ERROR logs: logs/error
2025-11-19 10:25:48 - src.utils.logger - INFO - lifecycle.py:43 - Starting service...
2025-11-19 10:25:48 - src.common.mariadb.database - INFO - database.py:140 - Database initialized successfully
2025-11-19 10:25:48 - src.utils.logger - INFO - lifecycle.py:47 - Database connection available
2025-11-19 10:25:48 - src.models.models - INFO - models.py:148 - YOLO backbone model loaded from /Users/goodsee/dongwon/models/yolo12n.pt
2025-11-19 10:25:48 - src.models.models - INFO - models.py:148 - YOLO trained model loaded from /Users/goodsee/dongwon/models/best.pt
2025-11-19 10:25:48 - src.utils.logger - INFO - lifecycle.py:54 - YOLO model loaded
2025-11-19 10:25:48 - src.utils.logger - INFO - lifecycle.py:72 - Using remote VLM server: http://114.110.133.13:60005
2025-11-19 10:25:48 - src.models.vlm_client - INFO - vlm_client.py:21 - VLM HTTP Client initialized: http://114.110.133.13:60005
2025-11-19 10:25:48 - src.utils.logger - INFO - lifecycle.py:76 - Checking VLM server connection...
2025-11-19 10:25:48 - src.models.vlm_client - INFO - vlm_client.py:39 - VLM server health check passed: {'status': 'ok', 'vlm_ready': True, 'service': 'VLM Model Server'}
2025-11-19 10:25:48 - src.utils.logger - INFO - lifecycle.py:79 - VLM server connection verified (remote server mode)
2025-11-19 10:25:48 - src.utils.logger - INFO - lifecycle.py:124 - GUI enabled via ENABLE_GUI=true
2025-11-19 10:25:48 - src.utils.logger - INFO - gui.py:56 - GUI process started (pid=99864)
2025-11-19 10:25:48 - src.utils.logger - INFO - lifecycle.py:130 - API endpoints ready: YOLO and VLM enabled
2025-11-19 10:25:49 - src.utils.request_logger - INFO - request_logger.py:132 - 127.0.0.1 | "GET /health" | 200 | 0.96ms
2025-11-19 10:25:53 - src.utils.logger - INFO - lifecycle.py:140 - Shutting down services
2025-11-19 10:25:53 - src.utils.logger - INFO - gui.py:71 - Stopping GUI process (pid=99864)
2025-11-19 10:25:53 - src.models.models - INFO - models.py:168 - Unloading YOLO models...
2025-11-19 10:25:53 - src.models.models - INFO - models.py:175 - YOLO backbone model unloaded
2025-11-19 10:25:53 - src.models.models - INFO - models.py:175 - YOLO trained model unloaded
2025-11-19 10:25:53 - src.models.models - INFO - models.py:178 - YOLO models unloaded
2025-11-19 10:25:53 - src.utils.logger - INFO - lifecycle.py:165 - Shutdown complete
2025-11-19 10:25:59 - src.utils.logger - INFO - logger.py:165 - 📝 Logging initialized - Retention: 7 days
2025-11-19 10:25:59 - src.utils.logger - INFO - logger.py:166 - 📂 INFO logs: logs/info
2025-11-19 10:25:59 - src.utils.logger - INFO - logger.py:167 - 📂 ERROR logs: logs/error
2025-11-19 10:25:59 - src.utils.logger - INFO - lifecycle.py:43 - Starting service...
2025-11-19 10:25:59 - src.common.mariadb.database - INFO - database.py:140 - Database initialized successfully
2025-11-19 10:25:59 - src.utils.logger - INFO - lifecycle.py:47 - Database connection available
2025-11-19 10:25:59 - src.models.models - INFO - models.py:148 - YOLO backbone model loaded from /Users/goodsee/dongwon/models/yolo12n.pt
2025-11-19 10:25:59 - src.models.models - INFO - models.py:148 - YOLO trained model loaded from /Users/goodsee/dongwon/models/best.pt
2025-11-19 10:25:59 - src.utils.logger - INFO - lifecycle.py:54 - YOLO model loaded
2025-11-19 10:25:59 - src.utils.logger - INFO - lifecycle.py:72 - Using remote VLM server: http://114.110.133.13:60005
2025-11-19 10:25:59 - src.models.vlm_client - INFO - vlm_client.py:21 - VLM HTTP Client initialized: http://114.110.133.13:60005
2025-11-19 10:25:59 - src.utils.logger - INFO - lifecycle.py:76 - Checking VLM server connection...
2025-11-19 10:25:59 - src.models.vlm_client - INFO - vlm_client.py:39 - VLM server health check passed: {'status': 'ok', 'vlm_ready': True, 'service': 'VLM Model Server'}
2025-11-19 10:25:59 - src.utils.logger - INFO - lifecycle.py:79 - VLM server connection verified (remote server mode)
2025-11-19 10:25:59 - src.utils.logger - INFO - lifecycle.py:124 - GUI enabled via ENABLE_GUI=true
2025-11-19 10:25:59 - src.utils.logger - INFO - gui.py:56 - GUI process started (pid=99878)
2025-11-19 10:25:59 - src.utils.logger - INFO - lifecycle.py:130 - API endpoints ready: YOLO and VLM enabled
2025-11-19 10:26:00 - src.utils.request_logger - INFO - request_logger.py:132 - 127.0.0.1 | "GET /health" | 200 | 0.84ms
2025-11-19 10:26:19 - src.models.services - INFO - services.py:477 - Analysis type: object
2025-11-19 10:26:19 - src.models.services - INFO - services.py:482 - Object analysis: VLM=1, YOLO=0
2025-11-19 10:26:19 - src.models.services - INFO - services.py:520 - DB 2차 검증 시작: detected_item_name='new item', vlm_description='A person holding a smartphone in front of their face in an office setting', vlm_description_ko='사무실에서 얼굴 앞에 스마트폰을 들고 있는 사람'
2025-11-19 10:26:19 - src.models.services - INFO - services.py:185 - VLM keywords extracted: EN=8 (['person', 'holding', 'smartphone', 'front', 'their']), KO=7 (['사무실에서', '얼굴', '앞에', '스마트폰을', '들고']), search_keywords=['person', 'holding', 'smartphone', 'front', 'their', '사무실에서', '얼굴', '앞에', '스마트폰을', '들고']
2025-11-19 10:26:19 - src.models.services - INFO - services.py:256 - Fetched 1 items matching keywords from database (direct DB access)
2025-11-19 10:26:19 - src.models.services - INFO - services.py:379 - Similar item found: 'cell phone' (score=0.268, item_id=5)
2025-11-19 10:26:19 - src.models.services - INFO - services.py:400 - DB 2차 검증 완료: detected='new item', found 1 similar items (from 1 total items, 1 with description, 1 processed)
2025-11-19 10:26:19 - src.models.services - INFO - services.py:403 - Top similar items: cell phone(0.27)
2025-11-19 10:26:19 - src.models.services - INFO - services.py:535 - Found 1 similar items for 'new item'
2025-11-19 10:26:19 - src.utils.request_logger - INFO - request_logger.py:132 - 127.0.0.1 | "POST /analyze" | 200 | 4846.23ms
2025-11-19 10:26:35 - src.api.web.item.item - INFO - item.py:177 - Item list requested: user=anonymous, page=1, page_size=100, search=new item
2025-11-19 10:26:35 - src.api.web.item.item_service - INFO - item_service.py:167 - 품목 목록 조회: total=1, page=1, page_size=100, returned=1, search='new item'
2025-11-19 10:26:35 - src.utils.request_logger - INFO - request_logger.py:132 - 127.0.0.1 | "GET /api/web/item/" | 200 | 10.22ms | query={"page": "1", "page_size": "100", "search": "new item"}
2025-11-19 10:26:35 - src.api.web.item.item - INFO - item.py:125 - Item detail requested: user=anonymous, item_id=2
2025-11-19 10:26:35 - src.api.web.item.item_service - INFO - item_service.py:79 - 품목 조회: item_id=2, itemName=new item
2025-11-19 10:26:35 - src.utils.request_logger - INFO - request_logger.py:132 - 127.0.0.1 | "GET /api/web/item/2" | 200 | 5.73ms
2025-11-19 10:26:35 - src.api.web.detection.detection - INFO - detection.py:114 - Detection upload requested: user=anonymous, item_id=2, status=FALSE, item_count=1
2025-11-19 10:26:35 - src.api.web.detection.detection - INFO - detection.py:196 - Detection image stored at uploads/detection/2025-11-19/ef1da982-8cf6-42e3-a1d6-92bb9a012821.jpg
2025-11-19 10:26:35 - src.api.web.detection.detection_service - INFO - detection_service.py:70 - Detection result created: id=54, item_id=2, status=FALSE
2025-11-19 10:26:35 - src.utils.request_logger - INFO - request_logger.py:132 - 127.0.0.1 | "POST /api/web/detection/upload-image" | 201 | 11.35ms
2025-11-19 10:26:40 - src.models.services - INFO - services.py:477 - Analysis type: object
2025-11-19 10:26:40 - src.models.services - INFO - services.py:482 - Object analysis: VLM=1, YOLO=0
2025-11-19 10:26:40 - src.models.services - INFO - services.py:520 - DB 2차 검증 시작: detected_item_name='new item', vlm_description='A person wearing glasses and a dark jacket sitting at a desk in an office environment with multiple ', vlm_description_ko='여러 대의 컴퓨터 모니터와 책상이 배경에 보이는 사무실 환경에서 안경과 어두운 재킷을 입은 사람이 책상에 앉아 있습니다.'
2025-11-19 10:26:40 - src.models.services - INFO - services.py:185 - VLM keywords extracted: EN=15 (['person', 'wearing', 'glasses', 'dark', 'jacket']), KO=17 (['여러', '대의', '컴퓨터', '모니터와', '책상이']), search_keywords=['person', 'wearing', 'glasses', 'dark', 'jacket', '여러', '대의', '컴퓨터', '모니터와', '책상이']
2025-11-19 10:26:40 - src.models.services - INFO - services.py:256 - Fetched 0 items matching keywords from database (direct DB access)
2025-11-19 10:26:40 - src.models.services - INFO - services.py:535 - Found 0 similar items for 'new item'
2025-11-19 10:26:40 - src.utils.request_logger - INFO - request_logger.py:132 - 127.0.0.1 | "POST /analyze" | 200 | 5093.29ms
2025-11-19 10:27:22 - src.utils.logger - INFO - lifecycle.py:140 - Shutting down services
2025-11-19 10:27:22 - src.utils.logger - INFO - gui.py:71 - Stopping GUI process (pid=99878)
2025-11-19 10:27:22 - src.models.models - INFO - models.py:168 - Unloading YOLO models...
2025-11-19 10:27:22 - src.models.models - INFO - models.py:175 - YOLO backbone model unloaded
2025-11-19 10:27:22 - src.models.models - INFO - models.py:175 - YOLO trained model unloaded
2025-11-19 10:27:22 - src.models.models - INFO - models.py:178 - YOLO models unloaded
2025-11-19 10:27:22 - src.utils.logger - INFO - lifecycle.py:165 - Shutdown complete
2025-11-19 10:27:29 - src.utils.logger - INFO - logger.py:165 - 📝 Logging initialized - Retention: 7 days
2025-11-19 10:27:29 - src.utils.logger - INFO - logger.py:166 - 📂 INFO logs: logs/info
2025-11-19 10:27:29 - src.utils.logger - INFO - logger.py:167 - 📂 ERROR logs: logs/error
2025-11-19 10:27:29 - src.utils.logger - INFO - lifecycle.py:43 - Starting service...
2025-11-19 10:27:29 - src.common.mariadb.database - INFO - database.py:140 - Database initialized successfully
2025-11-19 10:27:29 - src.utils.logger - INFO - lifecycle.py:47 - Database connection available
2025-11-19 10:27:29 - src.models.models - INFO - models.py:148 - YOLO backbone model loaded from /Users/goodsee/dongwon/models/yolo12n.pt
2025-11-19 10:27:29 - src.models.models - INFO - models.py:148 - YOLO trained model loaded from /Users/goodsee/dongwon/models/best.pt
2025-11-19 10:27:29 - src.utils.logger - INFO - lifecycle.py:54 - YOLO model loaded
2025-11-19 10:27:29 - src.utils.logger - INFO - lifecycle.py:72 - Using remote VLM server: http://114.110.133.13:60005
2025-11-19 10:27:29 - src.models.vlm_client - INFO - vlm_client.py:21 - VLM HTTP Client initialized: http://114.110.133.13:60005
2025-11-19 10:27:29 - src.utils.logger - INFO - lifecycle.py:76 - Checking VLM server connection...
2025-11-19 10:27:29 - src.models.vlm_client - INFO - vlm_client.py:39 - VLM server health check passed: {'status': 'ok', 'vlm_ready': True, 'service': 'VLM Model Server'}
2025-11-19 10:27:29 - src.utils.logger - INFO - lifecycle.py:79 - VLM server connection verified (remote server mode)
2025-11-19 10:27:29 - src.utils.logger - INFO - lifecycle.py:124 - GUI enabled via ENABLE_GUI=true
2025-11-19 10:27:29 - src.utils.logger - INFO - gui.py:56 - GUI process started (pid=99962)
2025-11-19 10:27:29 - src.utils.logger - INFO - lifecycle.py:130 - API endpoints ready: YOLO and VLM enabled
2025-11-19 10:27:30 - src.utils.request_logger - INFO - request_logger.py:132 - 127.0.0.1 | "GET /health" | 200 | 0.76ms
2025-11-19 10:27:32 - src.utils.logger - INFO - lifecycle.py:140 - Shutting down services
2025-11-19 10:27:32 - src.utils.logger - INFO - gui.py:71 - Stopping GUI process (pid=99962)
2025-11-19 10:27:32 - src.models.models - INFO - models.py:168 - Unloading YOLO models...
2025-11-19 10:27:32 - src.models.models - INFO - models.py:175 - YOLO backbone model unloaded
2025-11-19 10:27:32 - src.models.models - INFO - models.py:175 - YOLO trained model unloaded
2025-11-19 10:27:32 - src.models.models - INFO - models.py:178 - YOLO models unloaded
2025-11-19 10:27:32 - src.utils.logger - INFO - lifecycle.py:165 - Shutdown complete
2025-11-19 10:27:38 - src.utils.logger - INFO - logger.py:165 - 📝 Logging initialized - Retention: 7 days
2025-11-19 10:27:38 - src.utils.logger - INFO - logger.py:166 - 📂 INFO logs: logs/info
2025-11-19 10:27:38 - src.utils.logger - INFO - logger.py:167 - 📂 ERROR logs: logs/error
2025-11-19 10:27:38 - src.utils.logger - INFO - lifecycle.py:43 - Starting service...
2025-11-19 10:27:38 - src.common.mariadb.database - INFO - database.py:140 - Database initialized successfully
2025-11-19 10:27:38 - src.utils.logger - INFO - lifecycle.py:47 - Database connection available
2025-11-19 10:27:38 - src.models.models - INFO - models.py:148 - YOLO backbone model loaded from /Users/goodsee/dongwon/models/yolo12n.pt
2025-11-19 10:27:38 - src.models.models - INFO - models.py:148 - YOLO trained model loaded from /Users/goodsee/dongwon/models/best.pt
2025-11-19 10:27:38 - src.utils.logger - INFO - lifecycle.py:54 - YOLO model loaded
2025-11-19 10:27:38 - src.utils.logger - INFO - lifecycle.py:72 - Using remote VLM server: http://114.110.133.13:60005
2025-11-19 10:27:38 - src.models.vlm_client - INFO - vlm_client.py:21 - VLM HTTP Client initialized: http://114.110.133.13:60005
2025-11-19 10:27:38 - src.utils.logger - INFO - lifecycle.py:76 - Checking VLM server connection...
2025-11-19 10:27:38 - src.models.vlm_client - INFO - vlm_client.py:39 - VLM server health check passed: {'status': 'ok', 'vlm_ready': True, 'service': 'VLM Model Server'}
2025-11-19 10:27:38 - src.utils.logger - INFO - lifecycle.py:79 - VLM server connection verified (remote server mode)
2025-11-19 10:27:38 - src.utils.logger - INFO - lifecycle.py:124 - GUI enabled via ENABLE_GUI=true
2025-11-19 10:27:38 - src.utils.logger - INFO - gui.py:56 - GUI process started (pid=99974)
2025-11-19 10:27:38 - src.utils.logger - INFO - lifecycle.py:130 - API endpoints ready: YOLO and VLM enabled
2025-11-19 10:27:39 - src.utils.request_logger - INFO - request_logger.py:132 - 127.0.0.1 | "GET /health" | 200 | 0.71ms
2025-11-19 10:27:50 - src.models.services - INFO - services.py:477 - Analysis type: object
2025-11-19 10:27:50 - src.models.services - INFO - services.py:482 - Object analysis: VLM=1, YOLO=0
2025-11-19 10:27:50 - src.models.services - INFO - services.py:520 - DB 2차 검증 시작: detected_item_name='new item', vlm_description='A person holding a smartphone in an office environment with multiple computer monitors and desks vis', vlm_description_ko='여러 대의 컴퓨터 모니터와 책상이 보이는 사무실 환경에서 스마트폰을 들고 있는 사람.'
2025-11-19 10:27:50 - src.models.services - INFO - services.py:185 - VLM keywords extracted: EN=10 (['person', 'holding', 'smartphone', 'office', 'environment']), KO=12 (['여러', '대의', '컴퓨터', '모니터와', '책상이']), search_keywords=['person', 'holding', 'smartphone', 'office', 'environment', '여러', '대의', '컴퓨터', '모니터와', '책상이']
2025-11-19 10:27:50 - src.models.services - INFO - services.py:256 - Fetched 1 items matching keywords from database (direct DB access)
2025-11-19 10:27:50 - src.models.services - INFO - services.py:379 - Similar item found: 'cell phone' (score=0.308, item_id=5)
2025-11-19 10:27:50 - src.models.services - INFO - services.py:400 - DB 2차 검증 완료: detected='new item', found 1 similar items (from 1 total items, 1 with description, 1 processed)
2025-11-19 10:27:50 - src.models.services - INFO - services.py:403 - Top similar items: cell phone(0.31)
2025-11-19 10:27:50 - src.models.services - INFO - services.py:535 - Found 1 similar items for 'new item'
2025-11-19 10:27:50 - src.utils.request_logger - INFO - request_logger.py:132 - 127.0.0.1 | "POST /analyze" | 200 | 4801.64ms
2025-11-19 10:27:58 - src.api.web.item.item - INFO - item.py:177 - Item list requested: user=anonymous, page=1, page_size=100, search=new item
2025-11-19 10:27:58 - src.api.web.item.item_service - INFO - item_service.py:167 - 품목 목록 조회: total=1, page=1, page_size=100, returned=1, search='new item'
2025-11-19 10:27:58 - src.utils.request_logger - INFO - request_logger.py:132 - 127.0.0.1 | "GET /api/web/item/" | 200 | 10.09ms | query={"page": "1", "page_size": "100", "search": "new item"}
2025-11-19 10:27:58 - src.api.web.item.item - INFO - item.py:125 - Item detail requested: user=anonymous, item_id=2
2025-11-19 10:27:58 - src.api.web.item.item_service - INFO - item_service.py:79 - 품목 조회: item_id=2, itemName=new item
2025-11-19 10:27:58 - src.utils.request_logger - INFO - request_logger.py:132 - 127.0.0.1 | "GET /api/web/item/2" | 200 | 4.20ms
2025-11-19 10:27:58 - src.api.web.detection.detection - INFO - detection.py:114 - Detection upload requested: user=anonymous, item_id=2, status=FALSE, item_count=1
2025-11-19 10:27:58 - src.api.web.detection.detection - INFO - detection.py:196 - Detection image stored at uploads/detection/2025-11-19/f0015101-854d-42fc-adb0-04020efe6a57.jpg
2025-11-19 10:27:58 - src.api.web.detection.detection_service - INFO - detection_service.py:70 - Detection result created: id=55, item_id=2, status=FALSE
2025-11-19 10:27:58 - src.utils.request_logger - INFO - request_logger.py:132 - 127.0.0.1 | "POST /api/web/detection/upload-image" | 201 | 11.52ms
2025-11-19 10:28:09 - src.models.services - INFO - services.py:477 - Analysis type: object
2025-11-19 10:28:09 - src.models.services - INFO - services.py:482 - Object analysis: VLM=1, YOLO=0
2025-11-19 10:28:09 - src.models.services - INFO - services.py:520 - DB 2차 검증 시작: detected_item_name='new item', vlm_description='A black leather wallet being held up by a person in an office setting', vlm_description_ko='사무실에서 한 사람이 들고 있는 검은색 가죽 지갑'
2025-11-19 10:28:09 - src.models.services - INFO - services.py:185 - VLM keywords extracted: EN=7 (['black', 'leather', 'wallet', 'held', 'person']), KO=7 (['사무실에서', '사람이', '들고', '있는', '검은색']), search_keywords=['black', 'leather', 'wallet', 'held', 'person', '사무실에서', '사람이', '들고', '있는', '검은색']
2025-11-19 10:28:09 - src.models.services - INFO - services.py:256 - Fetched 2 items matching keywords from database (direct DB access)
2025-11-19 10:28:09 - src.models.services - INFO - services.py:379 - Similar item found: 'wallet' (score=0.304, item_id=4)
2025-11-19 10:28:09 - src.models.services - INFO - services.py:379 - Similar item found: 'cell phone' (score=0.261, item_id=5)
2025-11-19 10:28:09 - src.models.services - INFO - services.py:400 - DB 2차 검증 완료: detected='new item', found 2 similar items (from 2 total items, 2 with description, 2 processed)
2025-11-19 10:28:09 - src.models.services - INFO - services.py:403 - Top similar items: wallet(0.30), cell phone(0.26)
2025-11-19 10:28:09 - src.models.services - INFO - services.py:535 - Found 2 similar items for 'new item'
2025-11-19 10:28:09 - src.utils.request_logger - INFO - request_logger.py:132 - 127.0.0.1 | "POST /analyze" | 200 | 4120.50ms
2025-11-19 10:28:22 - src.api.web.item.item - INFO - item.py:177 - Item list requested: user=anonymous, page=1, page_size=100, search=new item
2025-11-19 10:28:22 - src.api.web.item.item_service - INFO - item_service.py:167 - 품목 목록 조회: total=1, page=1, page_size=100, returned=1, search='new item'
2025-11-19 10:28:22 - src.utils.request_logger - INFO - request_logger.py:132 - 127.0.0.1 | "GET /api/web/item/" | 200 | 5.20ms | query={"page": "1", "page_size": "100", "search": "new item"}
2025-11-19 10:28:22 - src.api.web.item.item - INFO - item.py:125 - Item detail requested: user=anonymous, item_id=2
2025-11-19 10:28:22 - src.api.web.item.item_service - INFO - item_service.py:79 - 품목 조회: item_id=2, itemName=new item
2025-11-19 10:28:22 - src.utils.request_logger - INFO - request_logger.py:132 - 127.0.0.1 | "GET /api/web/item/2" | 200 | 4.02ms
2025-11-19 10:28:22 - src.api.web.detection.detection - INFO - detection.py:114 - Detection upload requested: user=anonymous, item_id=2, status=FALSE, item_count=1
2025-11-19 10:28:22 - src.api.web.detection.detection - INFO - detection.py:196 - Detection image stored at uploads/detection/2025-11-19/a1f9e6ef-3e36-44d0-be96-64c0d26f0da5.jpg
2025-11-19 10:28:22 - src.api.web.detection.detection_service - INFO - detection_service.py:70 - Detection result created: id=56, item_id=2, status=FALSE
2025-11-19 10:28:22 - src.utils.request_logger - INFO - request_logger.py:132 - 127.0.0.1 | "POST /api/web/detection/upload-image" | 201 | 8.39ms
2025-11-19 10:28:27 - src.models.services - INFO - services.py:477 - Analysis type: object
2025-11-19 10:28:27 - src.models.services - INFO - services.py:482 - Object analysis: VLM=1, YOLO=0
2025-11-19 10:28:27 - src.models.services - INFO - services.py:520 - DB 2차 검증 시작: detected_item_name='new item', vlm_description='A person holding a white wireless earbud case in their hand', vlm_description_ko='흰색 무선 이어버드 케이스를 손에 들고 있는 사람'
2025-11-19 10:28:27 - src.models.services - INFO - services.py:185 - VLM keywords extracted: EN=8 (['person', 'holding', 'white', 'wireless', 'earbud']), KO=8 (['흰색', '무선', '이어버드', '케이스를', '손에']), search_keywords=['person', 'holding', 'white', 'wireless', 'earbud', '흰색', '무선', '이어버드', '케이스를', '손에']
2025-11-19 10:28:27 - src.models.services - INFO - services.py:256 - Fetched 0 items matching keywords from database (direct DB access)
2025-11-19 10:28:27 - src.models.services - INFO - services.py:535 - Found 0 similar items for 'new item'
2025-11-19 10:28:27 - src.utils.request_logger - INFO - request_logger.py:132 - 127.0.0.1 | "POST /analyze" | 200 | 4208.48ms
2025-11-19 10:29:26 - src.utils.logger - INFO - lifecycle.py:140 - Shutting down services
2025-11-19 10:29:26 - src.utils.logger - INFO - gui.py:71 - Stopping GUI process (pid=99974)
2025-11-19 10:29:26 - src.models.models - INFO - models.py:168 - Unloading YOLO models...
2025-11-19 10:29:26 - src.models.models - INFO - models.py:175 - YOLO backbone model unloaded
2025-11-19 10:29:26 - src.models.models - INFO - models.py:175 - YOLO trained model unloaded
2025-11-19 10:29:26 - src.models.models - INFO - models.py:178 - YOLO models unloaded
2025-11-19 10:29:26 - src.utils.logger - INFO - lifecycle.py:165 - Shutdown complete
2025-11-19 10:29:33 - src.utils.logger - INFO - logger.py:165 - 📝 Logging initialized - Retention: 7 days
2025-11-19 10:29:33 - src.utils.logger - INFO - logger.py:166 - 📂 INFO logs: logs/info
2025-11-19 10:29:33 - src.utils.logger - INFO - logger.py:167 - 📂 ERROR logs: logs/error
2025-11-19 10:29:33 - src.utils.logger - INFO - lifecycle.py:43 - Starting service...
2025-11-19 10:29:33 - src.common.mariadb.database - INFO - database.py:140 - Database initialized successfully
2025-11-19 10:29:33 - src.utils.logger - INFO - lifecycle.py:47 - Database connection available
2025-11-19 10:29:33 - src.models.models - INFO - models.py:148 - YOLO backbone model loaded from /Users/goodsee/dongwon/models/yolo12n.pt
2025-11-19 10:29:33 - src.models.models - INFO - models.py:148 - YOLO trained model loaded from /Users/goodsee/dongwon/models/best.pt
2025-11-19 10:29:33 - src.utils.logger - INFO - lifecycle.py:54 - YOLO model loaded
2025-11-19 10:29:33 - src.utils.logger - INFO - lifecycle.py:72 - Using remote VLM server: http://114.110.133.13:60005
2025-11-19 10:29:33 - src.models.vlm_client - INFO - vlm_client.py:21 - VLM HTTP Client initialized: http://114.110.133.13:60005
2025-11-19 10:29:33 - src.utils.logger - INFO - lifecycle.py:76 - Checking VLM server connection...
2025-11-19 10:29:33 - src.models.vlm_client - INFO - vlm_client.py:39 - VLM server health check passed: {'status': 'ok', 'vlm_ready': True, 'service': 'VLM Model Server'}
2025-11-19 10:29:33 - src.utils.logger - INFO - lifecycle.py:79 - VLM server connection verified (remote server mode)
2025-11-19 10:29:33 - src.utils.logger - INFO - lifecycle.py:124 - GUI enabled via ENABLE_GUI=true
2025-11-19 10:29:33 - src.utils.logger - INFO - gui.py:56 - GUI process started (pid=133)
2025-11-19 10:29:33 - src.utils.logger - INFO - lifecycle.py:130 - API endpoints ready: YOLO and VLM enabled
2025-11-19 10:29:35 - src.utils.request_logger - INFO - request_logger.py:132 - 127.0.0.1 | "GET /health" | 200 | 0.69ms
2025-11-19 10:29:42 - src.utils.logger - INFO - lifecycle.py:140 - Shutting down services
2025-11-19 10:29:42 - src.utils.logger - INFO - gui.py:71 - Stopping GUI process (pid=133)
2025-11-19 10:29:42 - src.models.models - INFO - models.py:168 - Unloading YOLO models...
2025-11-19 10:29:42 - src.models.models - INFO - models.py:175 - YOLO backbone model unloaded
2025-11-19 10:29:42 - src.models.models - INFO - models.py:175 - YOLO trained model unloaded
2025-11-19 10:29:42 - src.models.models - INFO - models.py:178 - YOLO models unloaded
2025-11-19 10:29:42 - src.utils.logger - INFO - lifecycle.py:165 - Shutdown complete
2025-11-19 10:29:49 - src.utils.logger - INFO - logger.py:165 - 📝 Logging initialized - Retention: 7 days
2025-11-19 10:29:49 - src.utils.logger - INFO - logger.py:166 - 📂 INFO logs: logs/info
2025-11-19 10:29:49 - src.utils.logger - INFO - logger.py:167 - 📂 ERROR logs: logs/error
2025-11-19 10:29:49 - src.utils.logger - INFO - lifecycle.py:43 - Starting service...
2025-11-19 10:29:49 - src.common.mariadb.database - INFO - database.py:140 - Database initialized successfully
2025-11-19 10:29:49 - src.utils.logger - INFO - lifecycle.py:47 - Database connection available
2025-11-19 10:29:49 - src.models.models - INFO - models.py:148 - YOLO backbone model loaded from /Users/goodsee/dongwon/models/yolo12n.pt
2025-11-19 10:29:49 - src.models.models - INFO - models.py:148 - YOLO trained model loaded from /Users/goodsee/dongwon/models/best.pt
2025-11-19 10:29:49 - src.utils.logger - INFO - lifecycle.py:54 - YOLO model loaded
2025-11-19 10:29:49 - src.utils.logger - INFO - lifecycle.py:72 - Using remote VLM server: http://114.110.133.13:60005
2025-11-19 10:29:49 - src.models.vlm_client - INFO - vlm_client.py:21 - VLM HTTP Client initialized: http://114.110.133.13:60005
2025-11-19 10:29:49 - src.utils.logger - INFO - lifecycle.py:76 - Checking VLM server connection...
2025-11-19 10:29:49 - src.models.vlm_client - INFO - vlm_client.py:39 - VLM server health check passed: {'status': 'ok', 'vlm_ready': True, 'service': 'VLM Model Server'}
2025-11-19 10:29:49 - src.utils.logger - INFO - lifecycle.py:79 - VLM server connection verified (remote server mode)
2025-11-19 10:29:49 - src.utils.logger - INFO - lifecycle.py:124 - GUI enabled via ENABLE_GUI=true
2025-11-19 10:29:49 - src.utils.logger - INFO - gui.py:56 - GUI process started (pid=150)
2025-11-19 10:29:49 - src.utils.logger - INFO - lifecycle.py:130 - API endpoints ready: YOLO and VLM enabled
2025-11-19 10:29:50 - src.utils.request_logger - INFO - request_logger.py:132 - 127.0.0.1 | "GET /health" | 200 | 0.85ms
2025-11-19 10:30:27 - src.models.services - INFO - services.py:477 - Analysis type: object
2025-11-19 10:30:27 - src.models.services - INFO - services.py:482 - Object analysis: VLM=1, YOLO=0
2025-11-19 10:30:27 - src.models.services - INFO - services.py:520 - DB 2차 검증 시작: detected_item_name='new item', vlm_description='A person holding a smartphone in an office setting', vlm_description_ko='사무실 환경에서 스마트폰을 들고 있는 사람'
2025-11-19 10:30:27 - src.models.services - INFO - services.py:185 - VLM keywords extracted: EN=5 (['person', 'holding', 'smartphone', 'office', 'setting']), KO=6 (['사무실', '환경에서', '스마트폰을', '들고', '있는']), search_keywords=['person', 'holding', 'smartphone', 'office', 'setting', '사무실', '환경에서', '스마트폰을', '들고', '있는']
2025-11-19 10:30:27 - src.models.services - INFO - services.py:256 - Fetched 1 items matching keywords from database (direct DB access)
2025-11-19 10:30:27 - src.models.services - INFO - services.py:379 - Similar item found: 'cell phone' (score=0.304, item_id=5)
2025-11-19 10:30:27 - src.models.services - INFO - services.py:400 - DB 2차 검증 완료: detected='new item', found 1 similar items (from 1 total items, 1 with description, 1 processed)
2025-11-19 10:30:27 - src.models.services - INFO - services.py:403 - Top similar items: cell phone(0.30)
2025-11-19 10:30:27 - src.models.services - INFO - services.py:535 - Found 1 similar items for 'new item'
2025-11-19 10:30:27 - src.utils.request_logger - INFO - request_logger.py:132 - 127.0.0.1 | "POST /analyze" | 200 | 4305.02ms
2025-11-19 10:30:31 - src.api.web.item.item - INFO - item.py:177 - Item list requested: user=anonymous, page=1, page_size=100, search=new item
2025-11-19 10:30:31 - src.api.web.item.item_service - INFO - item_service.py:167 - 품목 목록 조회: total=1, page=1, page_size=100, returned=1, search='new item'
2025-11-19 10:30:31 - src.utils.request_logger - INFO - request_logger.py:132 - 127.0.0.1 | "GET /api/web/item/" | 200 | 8.59ms | query={"page": "1", "page_size": "100", "search": "new item"}
2025-11-19 10:30:31 - src.api.web.item.item - INFO - item.py:125 - Item detail requested: user=anonymous, item_id=2
2025-11-19 10:30:31 - src.api.web.item.item_service - INFO - item_service.py:79 - 품목 조회: item_id=2, itemName=new item
2025-11-19 10:30:31 - src.utils.request_logger - INFO - request_logger.py:132 - 127.0.0.1 | "GET /api/web/item/2" | 200 | 4.69ms
2025-11-19 10:30:31 - src.api.web.detection.detection - INFO - detection.py:114 - Detection upload requested: user=anonymous, item_id=2, status=FALSE, item_count=1
2025-11-19 10:30:31 - src.api.web.detection.detection - INFO - detection.py:196 - Detection image stored at uploads/detection/2025-11-19/a6b3ad96-5165-40a3-9f77-2156fb3ca5e6.jpg
2025-11-19 10:30:31 - src.api.web.detection.detection_service - INFO - detection_service.py:70 - Detection result created: id=57, item_id=2, status=FALSE
2025-11-19 10:30:31 - src.utils.request_logger - INFO - request_logger.py:132 - 127.0.0.1 | "POST /api/web/detection/upload-image" | 201 | 11.80ms
2025-11-19 10:31:03 - src.models.services - INFO - services.py:477 - Analysis type: object
2025-11-19 10:31:03 - src.models.services - INFO - services.py:482 - Object analysis: VLM=1, YOLO=0
2025-11-19 10:31:03 - src.models.services - INFO - services.py:520 - DB 2차 검증 시작: detected_item_name='new item', vlm_description='A person holding a smartphone and a black wallet in an office setting', vlm_description_ko='사무실에서 스마트폰과 검은색 지갑을 들고 있는 사람'
2025-11-19 10:31:03 - src.models.services - INFO - services.py:185 - VLM keywords extracted: EN=7 (['person', 'holding', 'smartphone', 'black', 'wallet']), KO=7 (['사무실에서', '스마트폰과', '검은색', '지갑을', '들고']), search_keywords=['person', 'holding', 'smartphone', 'black', 'wallet', '사무실에서', '스마트폰과', '검은색', '지갑을', '들고']
2025-11-19 10:31:03 - src.models.services - INFO - services.py:256 - Fetched 2 items matching keywords from database (direct DB access)
2025-11-19 10:31:03 - src.models.services - INFO - services.py:379 - Similar item found: 'wallet' (score=0.332, item_id=4)
2025-11-19 10:31:03 - src.models.services - INFO - services.py:379 - Similar item found: 'cell phone' (score=0.350, item_id=5)
2025-11-19 10:31:03 - src.models.services - INFO - services.py:400 - DB 2차 검증 완료: detected='new item', found 2 similar items (from 2 total items, 2 with description, 2 processed)
2025-11-19 10:31:03 - src.models.services - INFO - services.py:403 - Top similar items: cell phone(0.35), wallet(0.33)
2025-11-19 10:31:03 - src.models.services - INFO - services.py:535 - Found 2 similar items for 'new item'
2025-11-19 10:31:03 - src.utils.request_logger - INFO - request_logger.py:132 - 127.0.0.1 | "POST /analyze" | 200 | 4433.87ms
2025-11-19 10:31:18 - src.api.web.item.item - INFO - item.py:177 - Item list requested: user=anonymous, page=1, page_size=100, search=new item
2025-11-19 10:31:18 - src.api.web.item.item_service - INFO - item_service.py:167 - 품목 목록 조회: total=1, page=1, page_size=100, returned=1, search='new item'
2025-11-19 10:31:18 - src.utils.request_logger - INFO - request_logger.py:132 - 127.0.0.1 | "GET /api/web/item/" | 200 | 5.81ms | query={"page": "1", "page_size": "100", "search": "new item"}
2025-11-19 10:31:18 - src.api.web.item.item - INFO - item.py:125 - Item detail requested: user=anonymous, item_id=2
2025-11-19 10:31:18 - src.api.web.item.item_service - INFO - item_service.py:79 - 품목 조회: item_id=2, itemName=new item
2025-11-19 10:31:18 - src.utils.request_logger - INFO - request_logger.py:132 - 127.0.0.1 | "GET /api/web/item/2" | 200 | 3.93ms
2025-11-19 10:31:18 - src.api.web.detection.detection - INFO - detection.py:114 - Detection upload requested: user=anonymous, item_id=2, status=FALSE, item_count=1
2025-11-19 10:31:18 - src.api.web.detection.detection - INFO - detection.py:196 - Detection image stored at uploads/detection/2025-11-19/453f76d3-f118-466d-9d21-f616e701995a.jpg
2025-11-19 10:31:18 - src.api.web.detection.detection_service - INFO - detection_service.py:70 - Detection result created: id=58, item_id=2, status=FALSE
2025-11-19 10:31:18 - src.utils.request_logger - INFO - request_logger.py:132 - 127.0.0.1 | "POST /api/web/detection/upload-image" | 201 | 11.66ms
2025-11-19 10:32:21 - src.utils.logger - INFO - lifecycle.py:140 - Shutting down services
2025-11-19 10:32:21 - src.utils.logger - INFO - gui.py:71 - Stopping GUI process (pid=150)
2025-11-19 10:32:21 - src.models.models - INFO - models.py:168 - Unloading YOLO models...
2025-11-19 10:32:21 - src.models.models - INFO - models.py:175 - YOLO backbone model unloaded
2025-11-19 10:32:21 - src.models.models - INFO - models.py:175 - YOLO trained model unloaded
2025-11-19 10:32:21 - src.models.models - INFO - models.py:178 - YOLO models unloaded
2025-11-19 10:32:21 - src.utils.logger - INFO - lifecycle.py:165 - Shutdown complete
2025-11-19 10:32:27 - src.utils.logger - INFO - logger.py:165 - 📝 Logging initialized - Retention: 7 days
2025-11-19 10:32:27 - src.utils.logger - INFO - logger.py:166 - 📂 INFO logs: logs/info
2025-11-19 10:32:27 - src.utils.logger - INFO - logger.py:167 - 📂 ERROR logs: logs/error
2025-11-19 10:32:27 - src.utils.logger - INFO - lifecycle.py:43 - Starting service...
2025-11-19 10:32:27 - src.common.mariadb.database - INFO - database.py:140 - Database initialized successfully
2025-11-19 10:32:27 - src.utils.logger - INFO - lifecycle.py:47 - Database connection available
2025-11-19 10:32:27 - src.models.models - INFO - models.py:148 - YOLO backbone model loaded from /Users/goodsee/dongwon/models/yolo12n.pt
2025-11-19 10:32:27 - src.models.models - INFO - models.py:148 - YOLO trained model loaded from /Users/goodsee/dongwon/models/best.pt
2025-11-19 10:32:27 - src.utils.logger - INFO - lifecycle.py:54 - YOLO model loaded
2025-11-19 10:32:27 - src.utils.logger - INFO - lifecycle.py:72 - Using remote VLM server: http://114.110.133.13:60005
2025-11-19 10:32:27 - src.models.vlm_client - INFO - vlm_client.py:21 - VLM HTTP Client initialized: http://114.110.133.13:60005
2025-11-19 10:32:27 - src.utils.logger - INFO - lifecycle.py:76 - Checking VLM server connection...
2025-11-19 10:32:27 - src.models.vlm_client - INFO - vlm_client.py:39 - VLM server health check passed: {'status': 'ok', 'vlm_ready': True, 'service': 'VLM Model Server'}
2025-11-19 10:32:27 - src.utils.logger - INFO - lifecycle.py:79 - VLM server connection verified (remote server mode)
2025-11-19 10:32:27 - src.utils.logger - INFO - lifecycle.py:124 - GUI enabled via ENABLE_GUI=true
2025-11-19 10:32:27 - src.utils.logger - INFO - gui.py:56 - GUI process started (pid=212)
2025-11-19 10:32:27 - src.utils.logger - INFO - lifecycle.py:130 - API endpoints ready: YOLO and VLM enabled
2025-11-19 10:32:29 - src.utils.request_logger - INFO - request_logger.py:132 - 127.0.0.1 | "GET /health" | 200 | 0.88ms
2025-11-19 10:32:38 - src.models.services - INFO - services.py:477 - Analysis type: object
2025-11-19 10:32:38 - src.models.services - INFO - services.py:482 - Object analysis: VLM=1, YOLO=0
2025-11-19 10:32:38 - src.models.services - INFO - services.py:520 - DB 2차 검증 시작: detected_item_name='new item', vlm_description='A person in an office setting adjusting their glasses with one hand while looking downward, surround', vlm_description_ko='컴퓨터 모니터와 책상 장비로 둘러싸인 사무실에서 아래를 바라보며 한 손으로 안경을 조정하고 있는 사람.'
2025-11-19 10:32:38 - src.models.services - INFO - services.py:185 - VLM keywords extracted: EN=16 (['person', 'office', 'setting', 'adjusting', 'their']), KO=13 (['컴퓨터', '모니터와', '책상', '장비로', '둘러싸인']), search_keywords=['person', 'office', 'setting', 'adjusting', 'their', '컴퓨터', '모니터와', '책상', '장비로', '둘러싸인']
2025-11-19 10:32:38 - src.models.services - INFO - services.py:256 - Fetched 0 items matching keywords from database (direct DB access)
2025-11-19 10:32:38 - src.models.services - INFO - services.py:535 - Found 0 similar items for 'new item'
2025-11-19 10:32:38 - src.utils.request_logger - INFO - request_logger.py:132 - 127.0.0.1 | "POST /analyze" | 200 | 4550.60ms
2025-11-19 10:32:38 - src.utils.logger - INFO - lifecycle.py:140 - Shutting down services
2025-11-19 10:32:38 - src.utils.logger - INFO - gui.py:71 - Stopping GUI process (pid=212)
2025-11-19 10:32:38 - src.models.models - INFO - models.py:168 - Unloading YOLO models...
2025-11-19 10:32:38 - src.models.models - INFO - models.py:175 - YOLO backbone model unloaded
2025-11-19 10:32:38 - src.models.models - INFO - models.py:175 - YOLO trained model unloaded
2025-11-19 10:32:38 - src.models.models - INFO - models.py:178 - YOLO models unloaded
2025-11-19 10:32:38 - src.utils.logger - INFO - lifecycle.py:165 - Shutdown complete
2025-11-19 10:32:44 - src.utils.logger - INFO - logger.py:165 - 📝 Logging initialized - Retention: 7 days
2025-11-19 10:32:44 - src.utils.logger - INFO - logger.py:166 - 📂 INFO logs: logs/info
2025-11-19 10:32:44 - src.utils.logger - INFO - logger.py:167 - 📂 ERROR logs: logs/error
2025-11-19 10:32:44 - src.utils.logger - INFO - lifecycle.py:43 - Starting service...
2025-11-19 10:32:44 - src.common.mariadb.database - INFO - database.py:140 - Database initialized successfully
2025-11-19 10:32:44 - src.utils.logger - INFO - lifecycle.py:47 - Database connection available
2025-11-19 10:32:44 - src.models.models - INFO - models.py:148 - YOLO backbone model loaded from /Users/goodsee/dongwon/models/yolo12n.pt
2025-11-19 10:32:44 - src.models.models - INFO - models.py:148 - YOLO trained model loaded from /Users/goodsee/dongwon/models/best.pt
2025-11-19 10:32:44 - src.utils.logger - INFO - lifecycle.py:54 - YOLO model loaded
2025-11-19 10:32:44 - src.utils.logger - INFO - lifecycle.py:72 - Using remote VLM server: http://114.110.133.13:60005
2025-11-19 10:32:44 - src.models.vlm_client - INFO - vlm_client.py:21 - VLM HTTP Client initialized: http://114.110.133.13:60005
2025-11-19 10:32:44 - src.utils.logger - INFO - lifecycle.py:76 - Checking VLM server connection...
2025-11-19 10:32:44 - src.models.vlm_client - INFO - vlm_client.py:39 - VLM server health check passed: {'status': 'ok', 'vlm_ready': True, 'service': 'VLM Model Server'}
2025-11-19 10:32:44 - src.utils.logger - INFO - lifecycle.py:79 - VLM server connection verified (remote server mode)
2025-11-19 10:32:44 - src.utils.logger - INFO - lifecycle.py:124 - GUI enabled via ENABLE_GUI=true
2025-11-19 10:32:44 - src.utils.logger - INFO - gui.py:56 - GUI process started (pid=236)
2025-11-19 10:32:44 - src.utils.logger - INFO - lifecycle.py:130 - API endpoints ready: YOLO and VLM enabled
2025-11-19 10:32:45 - src.utils.request_logger - INFO - request_logger.py:132 - 127.0.0.1 | "GET /health" | 200 | 0.98ms
2025-11-19 10:32:52 - src.models.services - INFO - services.py:477 - Analysis type: object
2025-11-19 10:32:52 - src.models.services - INFO - services.py:482 - Object analysis: VLM=0, YOLO=0
2025-11-19 10:32:52 - src.models.services - INFO - services.py:520 - DB 2차 검증 시작: detected_item_name='new item', vlm_description='empty', vlm_description_ko='empty'
2025-11-19 10:32:52 - src.models.services - WARNING - services.py:537 - DB 2차 검증 스킵: vlm_description=False, vlm_description_ko=False
2025-11-19 10:32:52 - src.utils.request_logger - INFO - request_logger.py:132 - 127.0.0.1 | "POST /analyze" | 200 | 3071.09ms
2025-11-19 10:33:01 - src.api.web.item.item - INFO - item.py:177 - Item list requested: user=anonymous, page=1, page_size=100, search=new item
2025-11-19 10:33:01 - src.api.web.item.item_service - INFO - item_service.py:167 - 품목 목록 조회: total=1, page=1, page_size=100, returned=1, search='new item'
2025-11-19 10:33:01 - src.utils.request_logger - INFO - request_logger.py:132 - 127.0.0.1 | "GET /api/web/item/" | 200 | 13.69ms | query={"page": "1", "page_size": "100", "search": "new item"}
2025-11-19 10:33:05 - src.models.services - INFO - services.py:477 - Analysis type: object
2025-11-19 10:33:05 - src.models.services - INFO - services.py:482 - Object analysis: VLM=1, YOLO=0
2025-11-19 10:33:05 - src.models.services - INFO - services.py:520 - DB 2차 검증 시작: detected_item_name='new item', vlm_description='A person holding a smartphone in an office setting', vlm_description_ko='사무실 환경에서 스마트폰을 들고 있는 사람'
2025-11-19 10:33:05 - src.models.services - INFO - services.py:185 - VLM keywords extracted: EN=5 (['person', 'holding', 'smartphone', 'office', 'setting']), KO=6 (['사무실', '환경에서', '스마트폰을', '들고', '있는']), search_keywords=['person', 'holding', 'smartphone', 'office', 'setting', '사무실', '환경에서', '스마트폰을', '들고', '있는']
2025-11-19 10:33:05 - src.models.services - INFO - services.py:256 - Fetched 1 items matching keywords from database (direct DB access)
2025-11-19 10:33:05 - src.models.services - INFO - services.py:379 - Similar item found: 'cell phone' (score=0.304, item_id=5)
2025-11-19 10:33:05 - src.models.services - INFO - services.py:400 - DB 2차 검증 완료: detected='new item', found 1 similar items (from 1 total items, 1 with description, 1 processed)
2025-11-19 10:33:05 - src.models.services - INFO - services.py:403 - Top similar items: cell phone(0.30)
2025-11-19 10:33:05 - src.models.services - INFO - services.py:535 - Found 1 similar items for 'new item'
2025-11-19 10:33:05 - src.utils.request_logger - INFO - request_logger.py:132 - 127.0.0.1 | "POST /analyze" | 200 | 3785.29ms
2025-11-19 10:33:43 - src.api.web.item.item - INFO - item.py:177 - Item list requested: user=anonymous, page=1, page_size=100, search=new item
2025-11-19 10:33:43 - src.api.web.item.item_service - INFO - item_service.py:167 - 품목 목록 조회: total=1, page=1, page_size=100, returned=1, search='new item'
2025-11-19 10:33:43 - src.utils.request_logger - INFO - request_logger.py:132 - 127.0.0.1 | "GET /api/web/item/" | 200 | 7.86ms | query={"page": "1", "page_size": "100", "search": "new item"}
2025-11-19 10:33:43 - src.api.web.item.item - INFO - item.py:125 - Item detail requested: user=anonymous, item_id=2
2025-11-19 10:33:43 - src.api.web.item.item_service - INFO - item_service.py:79 - 품목 조회: item_id=2, itemName=new item
2025-11-19 10:33:43 - src.utils.request_logger - INFO - request_logger.py:132 - 127.0.0.1 | "GET /api/web/item/2" | 200 | 4.91ms
2025-11-19 10:33:43 - src.api.web.detection.detection - INFO - detection.py:114 - Detection upload requested: user=anonymous, item_id=2, status=TRUE, item_count=1
2025-11-19 10:33:43 - src.api.web.detection.detection - INFO - detection.py:196 - Detection image stored at uploads/detection/2025-11-19/4e857728-8d7b-4083-90e9-4e51f61d6b04.jpg
2025-11-19 10:33:43 - src.api.web.detection.detection_service - INFO - detection_service.py:70 - Detection result created: id=59, item_id=2, status=TRUE
2025-11-19 10:33:43 - src.utils.request_logger - INFO - request_logger.py:132 - 127.0.0.1 | "POST /api/web/detection/upload-image" | 201 | 14.70ms
2025-11-19 10:33:47 - src.models.services - INFO - services.py:477 - Analysis type: object
2025-11-19 10:33:47 - src.models.services - INFO - services.py:482 - Object analysis: VLM=1, YOLO=0
2025-11-19 10:33:47 - src.models.services - INFO - services.py:520 - DB 2차 검증 시작: detected_item_name='new item', vlm_description='A person holding a smartphone in an office setting', vlm_description_ko='사무실 환경에서 스마트폰을 들고 있는 사람'
2025-11-19 10:33:47 - src.models.services - INFO - services.py:185 - VLM keywords extracted: EN=5 (['person', 'holding', 'smartphone', 'office', 'setting']), KO=6 (['사무실', '환경에서', '스마트폰을', '들고', '있는']), search_keywords=['person', 'holding', 'smartphone', 'office', 'setting', '사무실', '환경에서', '스마트폰을', '들고', '있는']
2025-11-19 10:33:47 - src.models.services - INFO - services.py:256 - Fetched 1 items matching keywords from database (direct DB access)
2025-11-19 10:33:47 - src.models.services - INFO - services.py:379 - Similar item found: 'cell phone' (score=0.304, item_id=5)
2025-11-19 10:33:47 - src.models.services - INFO - services.py:400 - DB 2차 검증 완료: detected='new item', found 1 similar items (from 1 total items, 1 with description, 1 processed)
2025-11-19 10:33:47 - src.models.services - INFO - services.py:403 - Top similar items: cell phone(0.30)
2025-11-19 10:33:47 - src.models.services - INFO - services.py:535 - Found 1 similar items for 'new item'
2025-11-19 10:33:47 - src.utils.request_logger - INFO - request_logger.py:132 - 127.0.0.1 | "POST /analyze" | 200 | 3753.55ms
2025-11-19 10:33:53 - src.api.web.item.item - INFO - item.py:177 - Item list requested: user=anonymous, page=1, page_size=100, search=new item
2025-11-19 10:33:53 - src.api.web.item.item_service - INFO - item_service.py:167 - 품목 목록 조회: total=1, page=1, page_size=100, returned=1, search='new item'
2025-11-19 10:33:53 - src.utils.request_logger - INFO - request_logger.py:132 - 127.0.0.1 | "GET /api/web/item/" | 200 | 123.60ms | query={"page": "1", "page_size": "100", "search": "new item"}
2025-11-19 10:33:53 - src.api.web.item.item - INFO - item.py:125 - Item detail requested: user=anonymous, item_id=2
2025-11-19 10:33:53 - src.api.web.item.item_service - INFO - item_service.py:79 - 품목 조회: item_id=2, itemName=new item
2025-11-19 10:33:53 - src.utils.request_logger - INFO - request_logger.py:132 - 127.0.0.1 | "GET /api/web/item/2" | 200 | 4.52ms
2025-11-19 10:33:53 - src.api.web.detection.detection - INFO - detection.py:114 - Detection upload requested: user=anonymous, item_id=2, status=FALSE, item_count=1
2025-11-19 10:33:53 - src.api.web.detection.detection - INFO - detection.py:196 - Detection image stored at uploads/detection/2025-11-19/fa876996-a598-4a43-a55c-3d8bdcbae3ce.jpg
2025-11-19 10:33:53 - src.api.web.detection.detection_service - INFO - detection_service.py:70 - Detection result created: id=60, item_id=2, status=FALSE
2025-11-19 10:33:53 - src.utils.request_logger - INFO - request_logger.py:132 - 127.0.0.1 | "POST /api/web/detection/upload-image" | 201 | 7.90ms
2025-11-19 10:34:00 - src.models.services - INFO - services.py:477 - Analysis type: object
2025-11-19 10:34:00 - src.models.services - INFO - services.py:482 - Object analysis: VLM=1, YOLO=0
2025-11-19 10:34:00 - src.models.services - INFO - services.py:520 - DB 2차 검증 시작: detected_item_name='new item', vlm_description='A person holding a dark-colored smartphone with a camera module in an office setting', vlm_description_ko='사무실에서 카메라 모듈이 장착된 어두운 색상의 스마트폰을 들고 있는 사람'
2025-11-19 10:34:00 - src.models.services - INFO - services.py:185 - VLM keywords extracted: EN=9 (['person', 'holding', 'dark', 'colored', 'smartphone']), KO=10 (['사무실에서', '카메라', '모듈이', '장착된', '어두운']), search_keywords=['person', 'holding', 'dark', 'colored', 'smartphone', '사무실에서', '카메라', '모듈이', '장착된', '어두운']
2025-11-19 10:34:00 - src.models.services - INFO - services.py:256 - Fetched 1 items matching keywords from database (direct DB access)
2025-11-19 10:34:00 - src.models.services - INFO - services.py:379 - Similar item found: 'cell phone' (score=0.400, item_id=5)
2025-11-19 10:34:00 - src.models.services - INFO - services.py:400 - DB 2차 검증 완료: detected='new item', found 1 similar items (from 1 total items, 1 with description, 1 processed)
2025-11-19 10:34:00 - src.models.services - INFO - services.py:403 - Top similar items: cell phone(0.40)
2025-11-19 10:34:00 - src.models.services - INFO - services.py:535 - Found 1 similar items for 'new item'
2025-11-19 10:34:00 - src.utils.request_logger - INFO - request_logger.py:132 - 127.0.0.1 | "POST /analyze" | 200 | 4902.42ms
2025-11-19 10:34:59 - src.utils.logger - INFO - lifecycle.py:140 - Shutting down services
2025-11-19 10:34:59 - src.utils.logger - INFO - gui.py:71 - Stopping GUI process (pid=236)
2025-11-19 10:34:59 - src.models.models - INFO - models.py:168 - Unloading YOLO models...
2025-11-19 10:34:59 - src.models.models - INFO - models.py:175 - YOLO backbone model unloaded
2025-11-19 10:34:59 - src.models.models - INFO - models.py:175 - YOLO trained model unloaded
2025-11-19 10:34:59 - src.models.models - INFO - models.py:178 - YOLO models unloaded
2025-11-19 10:34:59 - src.utils.logger - INFO - lifecycle.py:165 - Shutdown complete
2025-11-19 10:35:05 - src.utils.logger - INFO - logger.py:165 - 📝 Logging initialized - Retention: 7 days
2025-11-19 10:35:05 - src.utils.logger - INFO - logger.py:166 - 📂 INFO logs: logs/info
2025-11-19 10:35:05 - src.utils.logger - INFO - logger.py:167 - 📂 ERROR logs: logs/error
2025-11-19 10:35:05 - src.utils.logger - INFO - lifecycle.py:43 - Starting service...
2025-11-19 10:35:05 - src.common.mariadb.database - INFO - database.py:140 - Database initialized successfully
2025-11-19 10:35:05 - src.utils.logger - INFO - lifecycle.py:47 - Database connection available
2025-11-19 10:35:05 - src.models.models - INFO - models.py:148 - YOLO backbone model loaded from /Users/goodsee/dongwon/models/yolo12n.pt
2025-11-19 10:35:05 - src.models.models - INFO - models.py:148 - YOLO trained model loaded from /Users/goodsee/dongwon/models/best.pt
2025-11-19 10:35:05 - src.utils.logger - INFO - lifecycle.py:54 - YOLO model loaded
2025-11-19 10:35:05 - src.utils.logger - INFO - lifecycle.py:72 - Using remote VLM server: http://114.110.133.13:60005
2025-11-19 10:35:05 - src.models.vlm_client - INFO - vlm_client.py:21 - VLM HTTP Client initialized: http://114.110.133.13:60005
2025-11-19 10:35:05 - src.utils.logger - INFO - lifecycle.py:76 - Checking VLM server connection...
2025-11-19 10:35:05 - src.models.vlm_client - INFO - vlm_client.py:39 - VLM server health check passed: {'status': 'ok', 'vlm_ready': True, 'service': 'VLM Model Server'}
2025-11-19 10:35:05 - src.utils.logger - INFO - lifecycle.py:79 - VLM server connection verified (remote server mode)
2025-11-19 10:35:05 - src.utils.logger - INFO - lifecycle.py:124 - GUI enabled via ENABLE_GUI=true
2025-11-19 10:35:06 - src.utils.logger - INFO - gui.py:56 - GUI process started (pid=306)
2025-11-19 10:35:06 - src.utils.logger - INFO - lifecycle.py:130 - API endpoints ready: YOLO and VLM enabled
2025-11-19 10:35:07 - src.utils.request_logger - INFO - request_logger.py:132 - 127.0.0.1 | "GET /health" | 200 | 1.14ms
2025-11-19 10:35:09 - src.utils.logger - INFO - lifecycle.py:140 - Shutting down services
2025-11-19 10:35:09 - src.utils.logger - INFO - gui.py:71 - Stopping GUI process (pid=306)
2025-11-19 10:35:09 - src.models.models - INFO - models.py:168 - Unloading YOLO models...
2025-11-19 10:35:09 - src.models.models - INFO - models.py:175 - YOLO backbone model unloaded
2025-11-19 10:35:09 - src.models.models - INFO - models.py:175 - YOLO trained model unloaded
2025-11-19 10:35:09 - src.models.models - INFO - models.py:178 - YOLO models unloaded
2025-11-19 10:35:09 - src.utils.logger - INFO - lifecycle.py:165 - Shutdown complete
2025-11-19 10:35:15 - src.utils.logger - INFO - logger.py:165 - 📝 Logging initialized - Retention: 7 days
2025-11-19 10:35:15 - src.utils.logger - INFO - logger.py:166 - 📂 INFO logs: logs/info
2025-11-19 10:35:15 - src.utils.logger - INFO - logger.py:167 - 📂 ERROR logs: logs/error
2025-11-19 10:35:15 - src.utils.logger - INFO - lifecycle.py:43 - Starting service...
2025-11-19 10:35:15 - src.common.mariadb.database - INFO - database.py:140 - Database initialized successfully
2025-11-19 10:35:15 - src.utils.logger - INFO - lifecycle.py:47 - Database connection available
2025-11-19 10:35:15 - src.models.models - INFO - models.py:148 - YOLO backbone model loaded from /Users/goodsee/dongwon/models/yolo12n.pt
2025-11-19 10:35:15 - src.models.models - INFO - models.py:148 - YOLO trained model loaded from /Users/goodsee/dongwon/models/best.pt
2025-11-19 10:35:15 - src.utils.logger - INFO - lifecycle.py:54 - YOLO model loaded
2025-11-19 10:35:15 - src.utils.logger - INFO - lifecycle.py:72 - Using remote VLM server: http://114.110.133.13:60005
2025-11-19 10:35:15 - src.models.vlm_client - INFO - vlm_client.py:21 - VLM HTTP Client initialized: http://114.110.133.13:60005
2025-11-19 10:35:15 - src.utils.logger - INFO - lifecycle.py:76 - Checking VLM server connection...
2025-11-19 10:35:15 - src.models.vlm_client - INFO - vlm_client.py:39 - VLM server health check passed: {'status': 'ok', 'vlm_ready': True, 'service': 'VLM Model Server'}
2025-11-19 10:35:15 - src.utils.logger - INFO - lifecycle.py:79 - VLM server connection verified (remote server mode)
2025-11-19 10:35:15 - src.utils.logger - INFO - lifecycle.py:124 - GUI enabled via ENABLE_GUI=true
2025-11-19 10:35:15 - src.utils.logger - INFO - gui.py:56 - GUI process started (pid=311)
2025-11-19 10:35:15 - src.utils.logger - INFO - lifecycle.py:130 - API endpoints ready: YOLO and VLM enabled
2025-11-19 10:35:17 - src.utils.request_logger - INFO - request_logger.py:132 - 127.0.0.1 | "GET /health" | 200 | 1.19ms
2025-11-19 10:35:31 - src.utils.logger - INFO - lifecycle.py:140 - Shutting down services
2025-11-19 10:35:31 - src.utils.logger - INFO - gui.py:71 - Stopping GUI process (pid=311)
2025-11-19 10:35:31 - src.models.models - INFO - models.py:168 - Unloading YOLO models...
2025-11-19 10:35:31 - src.models.models - INFO - models.py:175 - YOLO backbone model unloaded
2025-11-19 10:35:31 - src.models.models - INFO - models.py:175 - YOLO trained model unloaded
2025-11-19 10:35:31 - src.models.models - INFO - models.py:178 - YOLO models unloaded
2025-11-19 10:35:31 - src.utils.logger - INFO - lifecycle.py:165 - Shutdown complete
2025-11-19 10:35:37 - src.utils.logger - INFO - logger.py:165 - 📝 Logging initialized - Retention: 7 days
2025-11-19 10:35:37 - src.utils.logger - INFO - logger.py:166 - 📂 INFO logs: logs/info
2025-11-19 10:35:37 - src.utils.logger - INFO - logger.py:167 - 📂 ERROR logs: logs/error
2025-11-19 10:35:37 - src.utils.logger - INFO - lifecycle.py:43 - Starting service...
2025-11-19 10:35:37 - src.common.mariadb.database - INFO - database.py:140 - Database initialized successfully
2025-11-19 10:35:37 - src.utils.logger - INFO - lifecycle.py:47 - Database connection available
2025-11-19 10:35:37 - src.models.models - INFO - models.py:148 - YOLO backbone model loaded from /Users/goodsee/dongwon/models/yolo12n.pt
2025-11-19 10:35:37 - src.models.models - INFO - models.py:148 - YOLO trained model loaded from /Users/goodsee/dongwon/models/best.pt
2025-11-19 10:35:37 - src.utils.logger - INFO - lifecycle.py:54 - YOLO model loaded
2025-11-19 10:35:37 - src.utils.logger - INFO - lifecycle.py:72 - Using remote VLM server: http://114.110.133.13:60005
2025-11-19 10:35:37 - src.models.vlm_client - INFO - vlm_client.py:21 - VLM HTTP Client initialized: http://114.110.133.13:60005
2025-11-19 10:35:37 - src.utils.logger - INFO - lifecycle.py:76 - Checking VLM server connection...
2025-11-19 10:35:37 - src.models.vlm_client - INFO - vlm_client.py:39 - VLM server health check passed: {'status': 'ok', 'vlm_ready': True, 'service': 'VLM Model Server'}
2025-11-19 10:35:37 - src.utils.logger - INFO - lifecycle.py:79 - VLM server connection verified (remote server mode)
2025-11-19 10:35:37 - src.utils.logger - INFO - lifecycle.py:124 - GUI enabled via ENABLE_GUI=true
2025-11-19 10:35:37 - src.utils.logger - INFO - gui.py:56 - GUI process started (pid=342)
2025-11-19 10:35:37 - src.utils.logger - INFO - lifecycle.py:130 - API endpoints ready: YOLO and VLM enabled
2025-11-19 10:35:38 - src.utils.request_logger - INFO - request_logger.py:132 - 127.0.0.1 | "GET /health" | 200 | 0.82ms
2025-11-19 10:35:47 - src.models.services - INFO - services.py:477 - Analysis type: object
2025-11-19 10:35:47 - src.models.services - INFO - services.py:482 - Object analysis: VLM=2, YOLO=0
2025-11-19 10:35:47 - src.models.services - INFO - services.py:520 - DB 2차 검증 시작: detected_item_name='new item', vlm_description='A person holding two smartphones in an office setting', vlm_description_ko='사무실 환경에서 스마트폰 두 대를 들고 있는 사람'
2025-11-19 10:35:47 - src.models.services - INFO - services.py:185 - VLM keywords extracted: EN=6 (['person', 'holding', 'two', 'smartphones', 'office']), KO=7 (['사무실', '환경에서', '스마트폰', '대를', '들고']), search_keywords=['person', 'holding', 'two', 'smartphones', 'office', '사무실', '환경에서', '스마트폰', '대를', '들고']
2025-11-19 10:35:47 - src.models.services - INFO - services.py:256 - Fetched 0 items matching keywords from database (direct DB access)
2025-11-19 10:35:47 - src.models.services - INFO - services.py:535 - Found 0 similar items for 'new item'
2025-11-19 10:35:47 - src.utils.request_logger - INFO - request_logger.py:132 - 127.0.0.1 | "POST /analyze" | 200 | 4482.84ms
2025-11-19 10:35:53 - src.api.web.item.item - INFO - item.py:177 - Item list requested: user=anonymous, page=1, page_size=100, search=new item
2025-11-19 10:35:53 - src.api.web.item.item_service - INFO - item_service.py:167 - 품목 목록 조회: total=1, page=1, page_size=100, returned=1, search='new item'
2025-11-19 10:35:53 - src.utils.request_logger - INFO - request_logger.py:132 - 127.0.0.1 | "GET /api/web/item/" | 200 | 10.23ms | query={"page": "1", "page_size": "100", "search": "new item"}
2025-11-19 10:35:53 - src.api.web.item.item - INFO - item.py:125 - Item detail requested: user=anonymous, item_id=2
2025-11-19 10:35:53 - src.api.web.item.item_service - INFO - item_service.py:79 - 품목 조회: item_id=2, itemName=new item
2025-11-19 10:35:53 - src.utils.request_logger - INFO - request_logger.py:132 - 127.0.0.1 | "GET /api/web/item/2" | 200 | 5.24ms
2025-11-19 10:35:53 - src.api.web.detection.detection - INFO - detection.py:114 - Detection upload requested: user=anonymous, item_id=2, status=FALSE, item_count=2
2025-11-19 10:35:53 - src.api.web.detection.detection - INFO - detection.py:196 - Detection image stored at uploads/detection/2025-11-19/cfb7c15f-bf8e-4605-a5ea-bd0dbd6b6b71.jpg
2025-11-19 10:35:53 - src.api.web.detection.detection_service - INFO - detection_service.py:70 - Detection result created: id=61, item_id=2, status=FALSE
2025-11-19 10:35:53 - src.utils.request_logger - INFO - request_logger.py:132 - 127.0.0.1 | "POST /api/web/detection/upload-image" | 201 | 13.59ms
2025-11-19 10:35:55 - src.utils.logger - INFO - lifecycle.py:140 - Shutting down services
2025-11-19 10:35:55 - src.utils.logger - INFO - gui.py:71 - Stopping GUI process (pid=342)
2025-11-19 10:35:55 - src.models.models - INFO - models.py:168 - Unloading YOLO models...
2025-11-19 10:35:55 - src.models.models - INFO - models.py:175 - YOLO backbone model unloaded
2025-11-19 10:35:55 - src.models.models - INFO - models.py:175 - YOLO trained model unloaded
2025-11-19 10:35:55 - src.models.models - INFO - models.py:178 - YOLO models unloaded
2025-11-19 10:35:55 - src.utils.logger - INFO - lifecycle.py:165 - Shutdown complete
2025-11-19 10:36:01 - src.utils.logger - INFO - logger.py:165 - 📝 Logging initialized - Retention: 7 days
2025-11-19 10:36:01 - src.utils.logger - INFO - logger.py:166 - 📂 INFO logs: logs/info
2025-11-19 10:36:01 - src.utils.logger - INFO - logger.py:167 - 📂 ERROR logs: logs/error
2025-11-19 10:36:01 - src.utils.logger - INFO - lifecycle.py:43 - Starting service...
2025-11-19 10:36:01 - src.common.mariadb.database - INFO - database.py:140 - Database initialized successfully
2025-11-19 10:36:01 - src.utils.logger - INFO - lifecycle.py:47 - Database connection available
2025-11-19 10:36:01 - src.models.models - INFO - models.py:148 - YOLO backbone model loaded from /Users/goodsee/dongwon/models/yolo12n.pt
2025-11-19 10:36:01 - src.models.models - INFO - models.py:148 - YOLO trained model loaded from /Users/goodsee/dongwon/models/best.pt
2025-11-19 10:36:01 - src.utils.logger - INFO - lifecycle.py:54 - YOLO model loaded
2025-11-19 10:36:01 - src.utils.logger - INFO - lifecycle.py:72 - Using remote VLM server: http://114.110.133.13:60005
2025-11-19 10:36:01 - src.models.vlm_client - INFO - vlm_client.py:21 - VLM HTTP Client initialized: http://114.110.133.13:60005
2025-11-19 10:36:01 - src.utils.logger - INFO - lifecycle.py:76 - Checking VLM server connection...
2025-11-19 10:36:01 - src.models.vlm_client - INFO - vlm_client.py:39 - VLM server health check passed: {'status': 'ok', 'vlm_ready': True, 'service': 'VLM Model Server'}
2025-11-19 10:36:01 - src.utils.logger - INFO - lifecycle.py:79 - VLM server connection verified (remote server mode)
2025-11-19 10:36:01 - src.utils.logger - INFO - lifecycle.py:124 - GUI enabled via ENABLE_GUI=true
2025-11-19 10:36:01 - src.utils.logger - INFO - gui.py:56 - GUI process started (pid=352)
2025-11-19 10:36:01 - src.utils.logger - INFO - lifecycle.py:130 - API endpoints ready: YOLO and VLM enabled
2025-11-19 10:36:02 - src.utils.request_logger - INFO - request_logger.py:132 - 127.0.0.1 | "GET /health" | 200 | 1.72ms
2025-11-19 10:36:13 - src.models.services - INFO - services.py:477 - Analysis type: object
2025-11-19 10:36:13 - src.models.services - INFO - services.py:482 - Object analysis: VLM=2, YOLO=0
2025-11-19 10:36:13 - src.models.services - INFO - services.py:520 - DB 2차 검증 시작: detected_item_name='new item', vlm_description='A person holding a smartphone and a black wallet in front of their face in an office setting', vlm_description_ko='사무실 환경에서 스마트폰과 검은색 지갑을 얼굴 앞에 들고 있는 사람'
2025-11-19 10:36:13 - src.models.services - INFO - services.py:185 - VLM keywords extracted: EN=10 (['person', 'holding', 'smartphone', 'black', 'wallet']), KO=10 (['사무실', '환경에서', '스마트폰과', '검은색', '지갑을']), search_keywords=['person', 'holding', 'smartphone', 'black', 'wallet', '사무실', '환경에서', '스마트폰과', '검은색', '지갑을']
2025-11-19 10:36:13 - src.models.services - INFO - services.py:256 - Fetched 2 items matching keywords from database (direct DB access)
2025-11-19 10:36:13 - src.models.services - INFO - services.py:379 - Similar item found: 'wallet' (score=0.283, item_id=4)
2025-11-19 10:36:13 - src.models.services - INFO - services.py:379 - Similar item found: 'cell phone' (score=0.308, item_id=5)
2025-11-19 10:36:13 - src.models.services - INFO - services.py:400 - DB 2차 검증 완료: detected='new item', found 2 similar items (from 2 total items, 2 with description, 2 processed)
2025-11-19 10:36:13 - src.models.services - INFO - services.py:403 - Top similar items: cell phone(0.31), wallet(0.28)
2025-11-19 10:36:13 - src.models.services - INFO - services.py:535 - Found 2 similar items for 'new item'
2025-11-19 10:36:13 - src.utils.request_logger - INFO - request_logger.py:132 - 127.0.0.1 | "POST /analyze" | 200 | 4706.19ms
2025-11-19 10:36:13 - src.utils.logger - INFO - lifecycle.py:140 - Shutting down services
2025-11-19 10:36:13 - src.utils.logger - INFO - gui.py:71 - Stopping GUI process (pid=352)
2025-11-19 10:36:13 - src.models.models - INFO - models.py:168 - Unloading YOLO models...
2025-11-19 10:36:13 - src.models.models - INFO - models.py:175 - YOLO backbone model unloaded
2025-11-19 10:36:13 - src.models.models - INFO - models.py:175 - YOLO trained model unloaded
2025-11-19 10:36:13 - src.models.models - INFO - models.py:178 - YOLO models unloaded
2025-11-19 10:36:13 - src.utils.logger - INFO - lifecycle.py:165 - Shutdown complete
2025-11-19 10:36:19 - src.utils.logger - INFO - logger.py:165 - 📝 Logging initialized - Retention: 7 days
2025-11-19 10:36:19 - src.utils.logger - INFO - logger.py:166 - 📂 INFO logs: logs/info
2025-11-19 10:36:19 - src.utils.logger - INFO - logger.py:167 - 📂 ERROR logs: logs/error
2025-11-19 10:36:19 - src.utils.logger - INFO - lifecycle.py:43 - Starting service...
2025-11-19 10:36:19 - src.common.mariadb.database - INFO - database.py:140 - Database initialized successfully
2025-11-19 10:36:19 - src.utils.logger - INFO - lifecycle.py:47 - Database connection available
2025-11-19 10:36:19 - src.models.models - INFO - models.py:148 - YOLO backbone model loaded from /Users/goodsee/dongwon/models/yolo12n.pt
2025-11-19 10:36:19 - src.models.models - INFO - models.py:148 - YOLO trained model loaded from /Users/goodsee/dongwon/models/best.pt
2025-11-19 10:36:19 - src.utils.logger - INFO - lifecycle.py:54 - YOLO model loaded
2025-11-19 10:36:19 - src.utils.logger - INFO - lifecycle.py:72 - Using remote VLM server: http://114.110.133.13:60005
2025-11-19 10:36:19 - src.models.vlm_client - INFO - vlm_client.py:21 - VLM HTTP Client initialized: http://114.110.133.13:60005
2025-11-19 10:36:19 - src.utils.logger - INFO - lifecycle.py:76 - Checking VLM server connection...
2025-11-19 10:36:19 - src.models.vlm_client - INFO - vlm_client.py:39 - VLM server health check passed: {'status': 'ok', 'vlm_ready': True, 'service': 'VLM Model Server'}
2025-11-19 10:36:19 - src.utils.logger - INFO - lifecycle.py:79 - VLM server connection verified (remote server mode)
2025-11-19 10:36:19 - src.utils.logger - INFO - lifecycle.py:124 - GUI enabled via ENABLE_GUI=true
2025-11-19 10:36:19 - src.utils.logger - INFO - gui.py:56 - GUI process started (pid=360)
2025-11-19 10:36:19 - src.utils.logger - INFO - lifecycle.py:130 - API endpoints ready: YOLO and VLM enabled
2025-11-19 10:36:20 - src.utils.request_logger - INFO - request_logger.py:132 - 127.0.0.1 | "GET /health" | 200 | 0.75ms
2025-11-19 10:36:32 - src.models.services - INFO - services.py:477 - Analysis type: object
2025-11-19 10:36:32 - src.models.services - INFO - services.py:482 - Object analysis: VLM=1, YOLO=0
2025-11-19 10:36:32 - src.models.services - INFO - services.py:520 - DB 2차 검증 시작: detected_item_name='new item', vlm_description='A person holding a black wallet and smartphone in an office setting', vlm_description_ko='사무실에서 검은색 지갑과 스마트폰을 들고 있는 사람'
2025-11-19 10:36:32 - src.models.services - INFO - services.py:185 - VLM keywords extracted: EN=7 (['person', 'holding', 'black', 'wallet', 'smartphone']), KO=7 (['사무실에서', '검은색', '지갑과', '스마트폰을', '들고']), search_keywords=['person', 'holding', 'black', 'wallet', 'smartphone', '사무실에서', '검은색', '지갑과', '스마트폰을', '들고']
2025-11-19 10:36:32 - src.models.services - INFO - services.py:256 - Fetched 2 items matching keywords from database (direct DB access)
2025-11-19 10:36:32 - src.models.services - INFO - services.py:379 - Similar item found: 'wallet' (score=0.332, item_id=4)
2025-11-19 10:36:32 - src.models.services - INFO - services.py:379 - Similar item found: 'cell phone' (score=0.350, item_id=5)
2025-11-19 10:36:32 - src.models.services - INFO - services.py:400 - DB 2차 검증 완료: detected='new item', found 2 similar items (from 2 total items, 2 with description, 2 processed)
2025-11-19 10:36:32 - src.models.services - INFO - services.py:403 - Top similar items: cell phone(0.35), wallet(0.33)
2025-11-19 10:36:32 - src.models.services - INFO - services.py:535 - Found 2 similar items for 'new item'
2025-11-19 10:36:32 - src.utils.request_logger - INFO - request_logger.py:132 - 127.0.0.1 | "POST /analyze" | 200 | 4630.62ms
2025-11-19 10:36:42 - src.api.web.item.item - INFO - item.py:177 - Item list requested: user=anonymous, page=1, page_size=100, search=cell phone
2025-11-19 10:36:42 - src.api.web.item.item_service - INFO - item_service.py:167 - 품목 목록 조회: total=1, page=1, page_size=100, returned=1, search='cell phone'
2025-11-19 10:36:42 - src.utils.request_logger - INFO - request_logger.py:132 - 127.0.0.1 | "GET /api/web/item/" | 200 | 9.70ms | query={"page": "1", "page_size": "100", "search": "cell phone"}
2025-11-19 10:36:42 - src.api.web.item.item - INFO - item.py:125 - Item detail requested: user=anonymous, item_id=5
2025-11-19 10:36:42 - src.api.web.item.item_service - INFO - item_service.py:79 - 품목 조회: item_id=5, itemName=cell phone
2025-11-19 10:36:42 - src.utils.request_logger - INFO - request_logger.py:132 - 127.0.0.1 | "GET /api/web/item/5" | 200 | 4.19ms
2025-11-19 10:36:42 - src.api.web.detection.detection - INFO - detection.py:114 - Detection upload requested: user=anonymous, item_id=5, status=TRUE, item_count=1
2025-11-19 10:36:42 - src.api.web.detection.detection - INFO - detection.py:196 - Detection image stored at uploads/detection/2025-11-19/f85d03a7-09a0-427b-8cf6-55505f1aadb4.jpg
2025-11-19 10:36:42 - src.api.web.detection.detection_service - INFO - detection_service.py:70 - Detection result created: id=62, item_id=5, status=TRUE
2025-11-19 10:36:42 - src.utils.request_logger - INFO - request_logger.py:132 - 127.0.0.1 | "POST /api/web/detection/upload-image" | 201 | 10.46ms
2025-11-19 10:36:49 - src.models.services - INFO - services.py:477 - Analysis type: object
2025-11-19 10:36:49 - src.models.services - INFO - services.py:482 - Object analysis: VLM=1, YOLO=0
2025-11-19 10:36:49 - src.models.services - INFO - services.py:520 - DB 2차 검증 시작: detected_item_name='new item', vlm_description='A person taking a selfie in an office environment with multiple computer monitors and desks visible', vlm_description_ko='여러 대의 컴퓨터 모니터와 책상이 보이는 사무실 환경에서 셀카를 찍는 사람'
2025-11-19 10:36:49 - src.models.services - INFO - services.py:185 - VLM keywords extracted: EN=10 (['person', 'taking', 'selfie', 'office', 'environment']), KO=11 (['여러', '대의', '컴퓨터', '모니터와', '책상이']), search_keywords=['person', 'taking', 'selfie', 'office', 'environment', '여러', '대의', '컴퓨터', '모니터와', '책상이']
2025-11-19 10:36:49 - src.models.services - INFO - services.py:256 - Fetched 0 items matching keywords from database (direct DB access)
2025-11-19 10:36:49 - src.models.services - INFO - services.py:535 - Found 0 similar items for 'new item'
2025-11-19 10:36:49 - src.utils.request_logger - INFO - request_logger.py:132 - 127.0.0.1 | "POST /analyze" | 200 | 4329.55ms
2025-11-19 10:36:53 - src.api.web.item.item - INFO - item.py:177 - Item list requested: user=anonymous, page=1, page_size=100, search=new item
2025-11-19 10:36:53 - src.api.web.item.item_service - INFO - item_service.py:167 - 품목 목록 조회: total=1, page=1, page_size=100, returned=1, search='new item'
2025-11-19 10:36:53 - src.utils.request_logger - INFO - request_logger.py:132 - 127.0.0.1 | "GET /api/web/item/" | 200 | 99.56ms | query={"page": "1", "page_size": "100", "search": "new item"}
2025-11-19 10:36:53 - src.api.web.item.item - INFO - item.py:125 - Item detail requested: user=anonymous, item_id=2
2025-11-19 10:36:53 - src.api.web.item.item_service - INFO - item_service.py:79 - 품목 조회: item_id=2, itemName=new item
2025-11-19 10:36:53 - src.utils.request_logger - INFO - request_logger.py:132 - 127.0.0.1 | "GET /api/web/item/2" | 200 | 5.24ms
2025-11-19 10:36:53 - src.api.web.detection.detection - INFO - detection.py:114 - Detection upload requested: user=anonymous, item_id=2, status=FALSE, item_count=1
2025-11-19 10:36:53 - src.api.web.detection.detection - INFO - detection.py:196 - Detection image stored at uploads/detection/2025-11-19/43792203-059b-4f30-a5b4-d830372efb7e.jpg
2025-11-19 10:36:53 - src.api.web.detection.detection_service - INFO - detection_service.py:70 - Detection result created: id=63, item_id=2, status=FALSE
2025-11-19 10:36:53 - src.utils.request_logger - INFO - request_logger.py:132 - 127.0.0.1 | "POST /api/web/detection/upload-image" | 201 | 8.31ms
2025-11-19 10:37:01 - src.models.services - INFO - services.py:477 - Analysis type: object
2025-11-19 10:37:01 - src.models.services - INFO - services.py:482 - Object analysis: VLM=1, YOLO=0
2025-11-19 10:37:01 - src.models.services - INFO - services.py:520 - DB 2차 검증 시작: detected_item_name='new item', vlm_description='A person taking a selfie with a smartphone in an office environment', vlm_description_ko='사무실 환경에서 스마트폰으로 셀카를 찍는 사람'
2025-11-19 10:37:01 - src.models.services - INFO - services.py:185 - VLM keywords extracted: EN=6 (['person', 'taking', 'selfie', 'smartphone', 'office']), KO=6 (['사무실', '환경에서', '스마트폰으로', '셀카를', '찍는']), search_keywords=['person', 'taking', 'selfie', 'smartphone', 'office', '사무실', '환경에서', '스마트폰으로', '셀카를', '찍는']
2025-11-19 10:37:01 - src.models.services - INFO - services.py:256 - Fetched 1 items matching keywords from database (direct DB access)
2025-11-19 10:37:01 - src.models.services - INFO - services.py:379 - Similar item found: 'cell phone' (score=0.364, item_id=5)
2025-11-19 10:37:01 - src.models.services - INFO - services.py:400 - DB 2차 검증 완료: detected='new item', found 1 similar items (from 1 total items, 1 with description, 1 processed)
2025-11-19 10:37:01 - src.models.services - INFO - services.py:403 - Top similar items: cell phone(0.36)
2025-11-19 10:37:01 - src.models.services - INFO - services.py:535 - Found 1 similar items for 'new item'
2025-11-19 10:37:01 - src.utils.request_logger - INFO - request_logger.py:132 - 127.0.0.1 | "POST /analyze" | 200 | 4056.56ms
2025-11-19 10:37:12 - src.api.web.item.item - INFO - item.py:177 - Item list requested: user=anonymous, page=1, page_size=100, search=new item
2025-11-19 10:37:12 - src.api.web.item.item_service - INFO - item_service.py:167 - 품목 목록 조회: total=1, page=1, page_size=100, returned=1, search='new item'
2025-11-19 10:37:12 - src.utils.request_logger - INFO - request_logger.py:132 - 127.0.0.1 | "GET /api/web/item/" | 200 | 6.66ms | query={"page": "1", "page_size": "100", "search": "new item"}
2025-11-19 10:37:12 - src.api.web.item.item - INFO - item.py:125 - Item detail requested: user=anonymous, item_id=2
2025-11-19 10:37:12 - src.api.web.item.item_service - INFO - item_service.py:79 - 품목 조회: item_id=2, itemName=new item
2025-11-19 10:37:12 - src.utils.request_logger - INFO - request_logger.py:132 - 127.0.0.1 | "GET /api/web/item/2" | 200 | 4.83ms
2025-11-19 10:37:12 - src.api.web.detection.detection - INFO - detection.py:114 - Detection upload requested: user=anonymous, item_id=2, status=TRUE, item_count=1
2025-11-19 10:37:12 - src.api.web.detection.detection - INFO - detection.py:196 - Detection image stored at uploads/detection/2025-11-19/5725f0f9-b911-4d1d-ad1e-143193279e6b.jpg
2025-11-19 10:37:12 - src.api.web.detection.detection_service - INFO - detection_service.py:70 - Detection result created: id=64, item_id=2, status=TRUE
2025-11-19 10:37:12 - src.utils.request_logger - INFO - request_logger.py:132 - 127.0.0.1 | "POST /api/web/detection/upload-image" | 201 | 8.32ms
2025-11-19 10:37:24 - src.models.services - INFO - services.py:477 - Analysis type: object
2025-11-19 10:37:24 - src.models.services - INFO - services.py:482 - Object analysis: VLM=2, YOLO=0
2025-11-19 10:37:24 - src.models.services - INFO - services.py:520 - DB 2차 검증 시작: detected_item_name='new item', vlm_description='A person holding a black wallet and a smartphone in an office setting', vlm_description_ko='사무실에서 검은색 지갑과 스마트폰을 들고 있는 사람'
2025-11-19 10:37:24 - src.models.services - INFO - services.py:185 - VLM keywords extracted: EN=7 (['person', 'holding', 'black', 'wallet', 'smartphone']), KO=7 (['사무실에서', '검은색', '지갑과', '스마트폰을', '들고']), search_keywords=['person', 'holding', 'black', 'wallet', 'smartphone', '사무실에서', '검은색', '지갑과', '스마트폰을', '들고']
2025-11-19 10:37:24 - src.models.services - INFO - services.py:256 - Fetched 2 items matching keywords from database (direct DB access)
2025-11-19 10:37:24 - src.models.services - INFO - services.py:379 - Similar item found: 'wallet' (score=0.332, item_id=4)
2025-11-19 10:37:24 - src.models.services - INFO - services.py:379 - Similar item found: 'cell phone' (score=0.350, item_id=5)
2025-11-19 10:37:24 - src.models.services - INFO - services.py:400 - DB 2차 검증 완료: detected='new item', found 2 similar items (from 2 total items, 2 with description, 2 processed)
2025-11-19 10:37:24 - src.models.services - INFO - services.py:403 - Top similar items: cell phone(0.35), wallet(0.33)
2025-11-19 10:37:24 - src.models.services - INFO - services.py:535 - Found 2 similar items for 'new item'
2025-11-19 10:37:24 - src.utils.request_logger - INFO - request_logger.py:132 - 127.0.0.1 | "POST /analyze" | 200 | 4591.47ms
2025-11-19 10:37:40 - src.api.web.item.item - INFO - item.py:177 - Item list requested: user=anonymous, page=1, page_size=100, search=new item
2025-11-19 10:37:40 - src.api.web.item.item_service - INFO - item_service.py:167 - 품목 목록 조회: total=1, page=1, page_size=100, returned=1, search='new item'
2025-11-19 10:37:40 - src.utils.request_logger - INFO - request_logger.py:132 - 127.0.0.1 | "GET /api/web/item/" | 200 | 6.81ms | query={"page": "1", "page_size": "100", "search": "new item"}
2025-11-19 10:37:40 - src.api.web.item.item - INFO - item.py:125 - Item detail requested: user=anonymous, item_id=2
2025-11-19 10:37:40 - src.api.web.item.item_service - INFO - item_service.py:79 - 품목 조회: item_id=2, itemName=new item
2025-11-19 10:37:40 - src.utils.request_logger - INFO - request_logger.py:132 - 127.0.0.1 | "GET /api/web/item/2" | 200 | 3.46ms
2025-11-19 10:37:40 - src.api.web.detection.detection - INFO - detection.py:114 - Detection upload requested: user=anonymous, item_id=2, status=FALSE, item_count=2
2025-11-19 10:37:40 - src.api.web.detection.detection - INFO - detection.py:196 - Detection image stored at uploads/detection/2025-11-19/e4a23462-3934-445d-85ca-f27039b60a1a.jpg
2025-11-19 10:37:40 - src.api.web.detection.detection_service - INFO - detection_service.py:70 - Detection result created: id=65, item_id=2, status=FALSE
2025-11-19 10:37:40 - src.utils.request_logger - INFO - request_logger.py:132 - 127.0.0.1 | "POST /api/web/detection/upload-image" | 201 | 6.97ms
2025-11-19 10:37:49 - src.utils.logger - INFO - lifecycle.py:140 - Shutting down services
2025-11-19 10:37:49 - src.utils.logger - INFO - gui.py:71 - Stopping GUI process (pid=360)
2025-11-19 10:37:49 - src.models.models - INFO - models.py:168 - Unloading YOLO models...
2025-11-19 10:37:49 - src.models.models - INFO - models.py:175 - YOLO backbone model unloaded
2025-11-19 10:37:49 - src.models.models - INFO - models.py:175 - YOLO trained model unloaded
2025-11-19 10:37:49 - src.models.models - INFO - models.py:178 - YOLO models unloaded
2025-11-19 10:37:49 - src.utils.logger - INFO - lifecycle.py:165 - Shutdown complete
2025-11-19 10:37:55 - src.utils.logger - INFO - logger.py:165 - 📝 Logging initialized - Retention: 7 days
2025-11-19 10:37:55 - src.utils.logger - INFO - logger.py:166 - 📂 INFO logs: logs/info
2025-11-19 10:37:55 - src.utils.logger - INFO - logger.py:167 - 📂 ERROR logs: logs/error
2025-11-19 10:37:55 - src.utils.logger - INFO - lifecycle.py:43 - Starting service...
2025-11-19 10:37:55 - src.common.mariadb.database - INFO - database.py:140 - Database initialized successfully
2025-11-19 10:37:55 - src.utils.logger - INFO - lifecycle.py:47 - Database connection available
2025-11-19 10:37:55 - src.models.models - INFO - models.py:148 - YOLO backbone model loaded from /Users/goodsee/dongwon/models/yolo12n.pt
2025-11-19 10:37:55 - src.models.models - INFO - models.py:148 - YOLO trained model loaded from /Users/goodsee/dongwon/models/best.pt
2025-11-19 10:37:55 - src.utils.logger - INFO - lifecycle.py:54 - YOLO model loaded
2025-11-19 10:37:55 - src.utils.logger - INFO - lifecycle.py:72 - Using remote VLM server: http://114.110.133.13:60005
2025-11-19 10:37:55 - src.models.vlm_client - INFO - vlm_client.py:21 - VLM HTTP Client initialized: http://114.110.133.13:60005
2025-11-19 10:37:55 - src.utils.logger - INFO - lifecycle.py:76 - Checking VLM server connection...
2025-11-19 10:37:55 - src.models.vlm_client - INFO - vlm_client.py:39 - VLM server health check passed: {'status': 'ok', 'vlm_ready': True, 'service': 'VLM Model Server'}
2025-11-19 10:37:55 - src.utils.logger - INFO - lifecycle.py:79 - VLM server connection verified (remote server mode)
2025-11-19 10:37:55 - src.utils.logger - INFO - lifecycle.py:124 - GUI enabled via ENABLE_GUI=true
2025-11-19 10:37:55 - src.utils.logger - INFO - gui.py:56 - GUI process started (pid=430)
2025-11-19 10:37:55 - src.utils.logger - INFO - lifecycle.py:130 - API endpoints ready: YOLO and VLM enabled
2025-11-19 10:37:56 - src.utils.request_logger - INFO - request_logger.py:132 - 127.0.0.1 | "GET /health" | 200 | 0.69ms
2025-11-19 10:38:45 - src.models.services - INFO - services.py:477 - Analysis type: object
2025-11-19 10:38:45 - src.models.services - INFO - services.py:482 - Object analysis: VLM=1, YOLO=0
2025-11-19 10:38:45 - src.models.services - INFO - services.py:520 - DB 2차 검증 시작: detected_item_name='new item', vlm_description='A person sitting at a desk in an office environment, holding their head with one hand, surrounded by', vlm_description_ko='컴퓨터 모니터와 사무용 가구에 둘러싸여 한 손으로 머리를 잡고 사무실 환경의 책상에 앉아 있는 사람.'
2025-11-19 10:38:45 - src.models.services - INFO - services.py:185 - VLM keywords extracted: EN=15 (['person', 'sitting', 'desk', 'office', 'environment']), KO=14 (['컴퓨터', '모니터와', '사무용', '가구에', '둘러싸여']), search_keywords=['person', 'sitting', 'desk', 'office', 'environment', '컴퓨터', '모니터와', '사무용', '가구에', '둘러싸여']
2025-11-19 10:38:45 - src.models.services - INFO - services.py:256 - Fetched 0 items matching keywords from database (direct DB access)
2025-11-19 10:38:45 - src.models.services - INFO - services.py:535 - Found 0 similar items for 'new item'
2025-11-19 10:38:45 - src.utils.request_logger - INFO - request_logger.py:132 - 127.0.0.1 | "POST /analyze" | 200 | 5542.99ms
2025-11-19 10:39:17 - src.api.web.item.item - INFO - item.py:177 - Item list requested: user=anonymous, page=1, page_size=100, search=new item
2025-11-19 10:39:17 - src.api.web.item.item_service - INFO - item_service.py:167 - 품목 목록 조회: total=1, page=1, page_size=100, returned=1, search='new item'
2025-11-19 10:39:17 - src.utils.request_logger - INFO - request_logger.py:132 - 127.0.0.1 | "GET /api/web/item/" | 200 | 7.55ms | query={"page": "1", "page_size": "100", "search": "new item"}
2025-11-19 10:39:17 - src.api.web.item.item - INFO - item.py:125 - Item detail requested: user=anonymous, item_id=2
2025-11-19 10:39:17 - src.api.web.item.item_service - INFO - item_service.py:79 - 품목 조회: item_id=2, itemName=new item
2025-11-19 10:39:17 - src.utils.request_logger - INFO - request_logger.py:132 - 127.0.0.1 | "GET /api/web/item/2" | 200 | 4.38ms
2025-11-19 10:39:17 - src.api.web.detection.detection - INFO - detection.py:114 - Detection upload requested: user=anonymous, item_id=2, status=FALSE, item_count=1
2025-11-19 10:39:17 - src.api.web.detection.detection - INFO - detection.py:196 - Detection image stored at uploads/detection/2025-11-19/0e7d398b-b0d8-4d17-b28b-138f86636865.jpg
2025-11-19 10:39:17 - src.api.web.detection.detection_service - INFO - detection_service.py:70 - Detection result created: id=66, item_id=2, status=FALSE
2025-11-19 10:39:17 - src.utils.request_logger - INFO - request_logger.py:132 - 127.0.0.1 | "POST /api/web/detection/upload-image" | 201 | 10.22ms
2025-11-19 10:41:45 - src.utils.logger - INFO - lifecycle.py:140 - Shutting down services
2025-11-19 10:41:45 - src.utils.logger - INFO - gui.py:71 - Stopping GUI process (pid=430)
2025-11-19 10:41:45 - src.models.models - INFO - models.py:168 - Unloading YOLO models...
2025-11-19 10:41:45 - src.models.models - INFO - models.py:175 - YOLO backbone model unloaded
2025-11-19 10:41:45 - src.models.models - INFO - models.py:175 - YOLO trained model unloaded
2025-11-19 10:41:45 - src.models.models - INFO - models.py:178 - YOLO models unloaded
2025-11-19 10:41:45 - src.utils.logger - INFO - lifecycle.py:165 - Shutdown complete
2025-11-19 10:41:51 - src.utils.logger - INFO - logger.py:165 - 📝 Logging initialized - Retention: 7 days
2025-11-19 10:41:51 - src.utils.logger - INFO - logger.py:166 - 📂 INFO logs: logs/info
2025-11-19 10:41:51 - src.utils.logger - INFO - logger.py:167 - 📂 ERROR logs: logs/error
2025-11-19 10:41:51 - src.utils.logger - INFO - lifecycle.py:43 - Starting service...
2025-11-19 10:41:51 - src.common.mariadb.database - INFO - database.py:140 - Database initialized successfully
2025-11-19 10:41:51 - src.utils.logger - INFO - lifecycle.py:47 - Database connection available
2025-11-19 10:41:51 - src.models.models - INFO - models.py:148 - YOLO backbone model loaded from /Users/goodsee/dongwon/models/yolo12n.pt
2025-11-19 10:41:51 - src.models.models - INFO - models.py:148 - YOLO trained model loaded from /Users/goodsee/dongwon/models/best.pt
2025-11-19 10:41:51 - src.utils.logger - INFO - lifecycle.py:54 - YOLO model loaded
2025-11-19 10:41:51 - src.utils.logger - INFO - lifecycle.py:72 - Using remote VLM server: http://114.110.133.13:60005
2025-11-19 10:41:51 - src.models.vlm_client - INFO - vlm_client.py:21 - VLM HTTP Client initialized: http://114.110.133.13:60005
2025-11-19 10:41:51 - src.utils.logger - INFO - lifecycle.py:76 - Checking VLM server connection...
2025-11-19 10:41:51 - src.models.vlm_client - INFO - vlm_client.py:39 - VLM server health check passed: {'status': 'ok', 'vlm_ready': True, 'service': 'VLM Model Server'}
2025-11-19 10:41:51 - src.utils.logger - INFO - lifecycle.py:79 - VLM server connection verified (remote server mode)
2025-11-19 10:41:51 - src.utils.logger - INFO - lifecycle.py:124 - GUI enabled via ENABLE_GUI=true
2025-11-19 10:41:51 - src.utils.logger - INFO - gui.py:56 - GUI process started (pid=501)
2025-11-19 10:41:51 - src.utils.logger - INFO - lifecycle.py:130 - API endpoints ready: YOLO and VLM enabled
2025-11-19 10:41:52 - src.utils.request_logger - INFO - request_logger.py:132 - 127.0.0.1 | "GET /health" | 200 | 0.86ms
2025-11-19 10:41:53 - src.utils.logger - INFO - lifecycle.py:140 - Shutting down services
2025-11-19 10:41:53 - src.utils.logger - INFO - gui.py:71 - Stopping GUI process (pid=501)
2025-11-19 10:41:53 - src.models.models - INFO - models.py:168 - Unloading YOLO models...
2025-11-19 10:41:53 - src.models.models - INFO - models.py:175 - YOLO backbone model unloaded
2025-11-19 10:41:53 - src.models.models - INFO - models.py:175 - YOLO trained model unloaded
2025-11-19 10:41:53 - src.models.models - INFO - models.py:178 - YOLO models unloaded
2025-11-19 10:41:53 - src.utils.logger - INFO - lifecycle.py:165 - Shutdown complete
2025-11-19 10:42:01 - src.utils.logger - INFO - logger.py:165 - 📝 Logging initialized - Retention: 7 days
2025-11-19 10:42:01 - src.utils.logger - INFO - logger.py:166 - 📂 INFO logs: logs/info
2025-11-19 10:42:01 - src.utils.logger - INFO - logger.py:167 - 📂 ERROR logs: logs/error
2025-11-19 10:42:01 - src.utils.logger - INFO - lifecycle.py:43 - Starting service...
2025-11-19 10:42:01 - src.common.mariadb.database - INFO - database.py:140 - Database initialized successfully
2025-11-19 10:42:01 - src.utils.logger - INFO - lifecycle.py:47 - Database connection available
2025-11-19 10:42:01 - src.models.models - INFO - models.py:148 - YOLO backbone model loaded from /Users/goodsee/dongwon/models/yolo12n.pt
2025-11-19 10:42:01 - src.models.models - INFO - models.py:148 - YOLO trained model loaded from /Users/goodsee/dongwon/models/best.pt
2025-11-19 10:42:01 - src.utils.logger - INFO - lifecycle.py:54 - YOLO model loaded
2025-11-19 10:42:01 - src.utils.logger - INFO - lifecycle.py:72 - Using remote VLM server: http://114.110.133.13:60005
2025-11-19 10:42:01 - src.models.vlm_client - INFO - vlm_client.py:21 - VLM HTTP Client initialized: http://114.110.133.13:60005
2025-11-19 10:42:01 - src.utils.logger - INFO - lifecycle.py:76 - Checking VLM server connection...
2025-11-19 10:42:01 - src.models.vlm_client - INFO - vlm_client.py:39 - VLM server health check passed: {'status': 'ok', 'vlm_ready': True, 'service': 'VLM Model Server'}
2025-11-19 10:42:01 - src.utils.logger - INFO - lifecycle.py:79 - VLM server connection verified (remote server mode)
2025-11-19 10:42:01 - src.utils.logger - INFO - lifecycle.py:124 - GUI enabled via ENABLE_GUI=true
2025-11-19 10:42:01 - src.utils.logger - INFO - gui.py:56 - GUI process started (pid=506)
2025-11-19 10:42:01 - src.utils.logger - INFO - lifecycle.py:130 - API endpoints ready: YOLO and VLM enabled
2025-11-19 10:42:03 - src.utils.request_logger - INFO - request_logger.py:132 - 127.0.0.1 | "GET /health" | 200 | 0.69ms
2025-11-19 10:42:04 - src.utils.logger - INFO - lifecycle.py:140 - Shutting down services
2025-11-19 10:42:04 - src.utils.logger - INFO - gui.py:71 - Stopping GUI process (pid=506)
2025-11-19 10:42:04 - src.models.models - INFO - models.py:168 - Unloading YOLO models...
2025-11-19 10:42:04 - src.models.models - INFO - models.py:175 - YOLO backbone model unloaded
2025-11-19 10:42:04 - src.models.models - INFO - models.py:175 - YOLO trained model unloaded
2025-11-19 10:42:04 - src.models.models - INFO - models.py:178 - YOLO models unloaded
2025-11-19 10:42:04 - src.utils.logger - INFO - lifecycle.py:165 - Shutdown complete
2025-11-19 10:42:10 - src.utils.logger - INFO - logger.py:165 - 📝 Logging initialized - Retention: 7 days
2025-11-19 10:42:10 - src.utils.logger - INFO - logger.py:166 - 📂 INFO logs: logs/info
2025-11-19 10:42:10 - src.utils.logger - INFO - logger.py:167 - 📂 ERROR logs: logs/error
2025-11-19 10:42:10 - src.utils.logger - INFO - lifecycle.py:43 - Starting service...
2025-11-19 10:42:10 - src.common.mariadb.database - INFO - database.py:140 - Database initialized successfully
2025-11-19 10:42:10 - src.utils.logger - INFO - lifecycle.py:47 - Database connection available
2025-11-19 10:42:10 - src.models.models - INFO - models.py:148 - YOLO backbone model loaded from /Users/goodsee/dongwon/models/yolo12n.pt
2025-11-19 10:42:10 - src.models.models - INFO - models.py:148 - YOLO trained model loaded from /Users/goodsee/dongwon/models/best.pt
2025-11-19 10:42:10 - src.utils.logger - INFO - lifecycle.py:54 - YOLO model loaded
2025-11-19 10:42:10 - src.utils.logger - INFO - lifecycle.py:72 - Using remote VLM server: http://114.110.133.13:60005
2025-11-19 10:42:10 - src.models.vlm_client - INFO - vlm_client.py:21 - VLM HTTP Client initialized: http://114.110.133.13:60005
2025-11-19 10:42:10 - src.utils.logger - INFO - lifecycle.py:76 - Checking VLM server connection...
2025-11-19 10:42:10 - src.models.vlm_client - INFO - vlm_client.py:39 - VLM server health check passed: {'status': 'ok', 'vlm_ready': True, 'service': 'VLM Model Server'}
2025-11-19 10:42:10 - src.utils.logger - INFO - lifecycle.py:79 - VLM server connection verified (remote server mode)
2025-11-19 10:42:10 - src.utils.logger - INFO - lifecycle.py:124 - GUI enabled via ENABLE_GUI=true
2025-11-19 10:42:10 - src.utils.logger - INFO - gui.py:56 - GUI process started (pid=510)
2025-11-19 10:42:10 - src.utils.logger - INFO - lifecycle.py:130 - API endpoints ready: YOLO and VLM enabled
2025-11-19 10:42:11 - src.utils.request_logger - INFO - request_logger.py:132 - 127.0.0.1 | "GET /health" | 200 | 0.96ms
2025-11-19 10:42:13 - src.utils.logger - INFO - lifecycle.py:140 - Shutting down services
2025-11-19 10:42:13 - src.utils.logger - INFO - gui.py:71 - Stopping GUI process (pid=510)
2025-11-19 10:42:13 - src.models.models - INFO - models.py:168 - Unloading YOLO models...
2025-11-19 10:42:13 - src.models.models - INFO - models.py:175 - YOLO backbone model unloaded
2025-11-19 10:42:13 - src.models.models - INFO - models.py:175 - YOLO trained model unloaded
2025-11-19 10:42:13 - src.models.models - INFO - models.py:178 - YOLO models unloaded
2025-11-19 10:42:13 - src.utils.logger - INFO - lifecycle.py:165 - Shutdown complete
2025-11-19 10:42:19 - src.utils.logger - INFO - logger.py:165 - 📝 Logging initialized - Retention: 7 days
2025-11-19 10:42:19 - src.utils.logger - INFO - logger.py:166 - 📂 INFO logs: logs/info
2025-11-19 10:42:19 - src.utils.logger - INFO - logger.py:167 - 📂 ERROR logs: logs/error
2025-11-19 10:42:19 - src.utils.logger - INFO - lifecycle.py:43 - Starting service...
2025-11-19 10:42:19 - src.common.mariadb.database - INFO - database.py:140 - Database initialized successfully
2025-11-19 10:42:19 - src.utils.logger - INFO - lifecycle.py:47 - Database connection available
2025-11-19 10:42:19 - src.models.models - INFO - models.py:148 - YOLO backbone model loaded from /Users/goodsee/dongwon/models/yolo12n.pt
2025-11-19 10:42:19 - src.models.models - INFO - models.py:148 - YOLO trained model loaded from /Users/goodsee/dongwon/models/best.pt
2025-11-19 10:42:19 - src.utils.logger - INFO - lifecycle.py:54 - YOLO model loaded
2025-11-19 10:42:19 - src.utils.logger - INFO - lifecycle.py:72 - Using remote VLM server: http://114.110.133.13:60005
2025-11-19 10:42:19 - src.models.vlm_client - INFO - vlm_client.py:21 - VLM HTTP Client initialized: http://114.110.133.13:60005
2025-11-19 10:42:19 - src.utils.logger - INFO - lifecycle.py:76 - Checking VLM server connection...
2025-11-19 10:42:19 - src.models.vlm_client - INFO - vlm_client.py:39 - VLM server health check passed: {'status': 'ok', 'vlm_ready': True, 'service': 'VLM Model Server'}
2025-11-19 10:42:19 - src.utils.logger - INFO - lifecycle.py:79 - VLM server connection verified (remote server mode)
2025-11-19 10:42:19 - src.utils.logger - INFO - lifecycle.py:124 - GUI enabled via ENABLE_GUI=true
2025-11-19 10:42:19 - src.utils.logger - INFO - gui.py:56 - GUI process started (pid=515)
2025-11-19 10:42:19 - src.utils.logger - INFO - lifecycle.py:130 - API endpoints ready: YOLO and VLM enabled
2025-11-19 10:42:20 - src.utils.request_logger - INFO - request_logger.py:132 - 127.0.0.1 | "GET /health" | 200 | 0.89ms
2025-11-19 10:42:27 - src.utils.logger - INFO - lifecycle.py:140 - Shutting down services
2025-11-19 10:42:27 - src.utils.logger - INFO - gui.py:71 - Stopping GUI process (pid=515)
2025-11-19 10:42:27 - src.models.models - INFO - models.py:168 - Unloading YOLO models...
2025-11-19 10:42:27 - src.models.models - INFO - models.py:175 - YOLO backbone model unloaded
2025-11-19 10:42:27 - src.models.models - INFO - models.py:175 - YOLO trained model unloaded
2025-11-19 10:42:27 - src.models.models - INFO - models.py:178 - YOLO models unloaded
2025-11-19 10:42:27 - src.utils.logger - INFO - lifecycle.py:165 - Shutdown complete
2025-11-19 10:42:32 - src.utils.logger - INFO - logger.py:165 - 📝 Logging initialized - Retention: 7 days
2025-11-19 10:42:32 - src.utils.logger - INFO - logger.py:166 - 📂 INFO logs: logs/info
2025-11-19 10:42:32 - src.utils.logger - INFO - logger.py:167 - 📂 ERROR logs: logs/error
2025-11-19 10:42:32 - src.utils.logger - INFO - lifecycle.py:43 - Starting service...
2025-11-19 10:42:32 - src.common.mariadb.database - INFO - database.py:140 - Database initialized successfully
2025-11-19 10:42:32 - src.utils.logger - INFO - lifecycle.py:47 - Database connection available
2025-11-19 10:42:32 - src.models.models - INFO - models.py:148 - YOLO backbone model loaded from /Users/goodsee/dongwon/models/yolo12n.pt
2025-11-19 10:42:32 - src.models.models - INFO - models.py:148 - YOLO trained model loaded from /Users/goodsee/dongwon/models/best.pt
2025-11-19 10:42:32 - src.utils.logger - INFO - lifecycle.py:54 - YOLO model loaded
2025-11-19 10:42:32 - src.utils.logger - INFO - lifecycle.py:72 - Using remote VLM server: http://114.110.133.13:60005
2025-11-19 10:42:32 - src.models.vlm_client - INFO - vlm_client.py:21 - VLM HTTP Client initialized: http://114.110.133.13:60005
2025-11-19 10:42:32 - src.utils.logger - INFO - lifecycle.py:76 - Checking VLM server connection...
2025-11-19 10:42:32 - src.models.vlm_client - INFO - vlm_client.py:39 - VLM server health check passed: {'status': 'ok', 'vlm_ready': True, 'service': 'VLM Model Server'}
2025-11-19 10:42:32 - src.utils.logger - INFO - lifecycle.py:79 - VLM server connection verified (remote server mode)
2025-11-19 10:42:32 - src.utils.logger - INFO - lifecycle.py:124 - GUI enabled via ENABLE_GUI=true
2025-11-19 10:42:32 - src.utils.logger - INFO - gui.py:56 - GUI process started (pid=532)
2025-11-19 10:42:32 - src.utils.logger - INFO - lifecycle.py:130 - API endpoints ready: YOLO and VLM enabled
2025-11-19 10:42:33 - src.utils.request_logger - INFO - request_logger.py:132 - 127.0.0.1 | "GET /health" | 200 | 0.74ms
2025-11-19 10:42:46 - src.models.services - INFO - services.py:477 - Analysis type: object
2025-11-19 10:42:46 - src.models.services - INFO - services.py:482 - Object analysis: VLM=1, YOLO=0
2025-11-19 10:42:46 - src.models.services - INFO - services.py:520 - DB 2차 검증 시작: detected_item_name='new item', vlm_description='A person wearing glasses and a dark jacket, sitting in an office environment with multiple computer ', vlm_description_ko='안경과 어두운 재킷을 입은 사람이 배경에 여러 대의 컴퓨터 모니터와 책상이 보이는 사무실 환경에 앉아 있습니다.'
2025-11-19 10:42:46 - src.models.services - INFO - services.py:185 - VLM keywords extracted: EN=14 (['person', 'wearing', 'glasses', 'dark', 'jacket']), KO=16 (['안경과', '어두운', '재킷을', '입은', '사람이']), search_keywords=['person', 'wearing', 'glasses', 'dark', 'jacket', '안경과', '어두운', '재킷을', '입은', '사람이']
2025-11-19 10:42:46 - src.models.services - INFO - services.py:256 - Fetched 0 items matching keywords from database (direct DB access)
2025-11-19 10:42:46 - src.models.services - INFO - services.py:535 - Found 0 similar items for 'new item'
2025-11-19 10:42:46 - src.utils.request_logger - INFO - request_logger.py:132 - 127.0.0.1 | "POST /analyze" | 200 | 5831.85ms
2025-11-19 10:42:49 - src.api.web.item.item - INFO - item.py:177 - Item list requested: user=anonymous, page=1, page_size=100, search=new item
2025-11-19 10:42:49 - src.api.web.item.item_service - INFO - item_service.py:167 - 품목 목록 조회: total=1, page=1, page_size=100, returned=1, search='new item'
2025-11-19 10:42:49 - src.utils.request_logger - INFO - request_logger.py:132 - 127.0.0.1 | "GET /api/web/item/" | 200 | 9.00ms | query={"page": "1", "page_size": "100", "search": "new item"}
2025-11-19 10:42:49 - src.api.web.item.item - INFO - item.py:125 - Item detail requested: user=anonymous, item_id=2
2025-11-19 10:42:49 - src.api.web.item.item_service - INFO - item_service.py:79 - 품목 조회: item_id=2, itemName=new item
2025-11-19 10:42:49 - src.utils.request_logger - INFO - request_logger.py:132 - 127.0.0.1 | "GET /api/web/item/2" | 200 | 4.20ms
2025-11-19 10:42:49 - src.api.web.detection.detection - INFO - detection.py:114 - Detection upload requested: user=anonymous, item_id=2, status=FALSE, item_count=1
2025-11-19 10:42:49 - src.api.web.detection.detection - INFO - detection.py:196 - Detection image stored at uploads/detection/2025-11-19/80d098c1-47a8-4802-95b2-92f0f162fec9.jpg
2025-11-19 10:42:49 - src.api.web.detection.detection_service - INFO - detection_service.py:70 - Detection result created: id=67, item_id=2, status=FALSE
2025-11-19 10:42:49 - src.utils.request_logger - INFO - request_logger.py:132 - 127.0.0.1 | "POST /api/web/detection/upload-image" | 201 | 10.79ms
2025-11-19 10:42:54 - src.models.services - INFO - services.py:477 - Analysis type: object
2025-11-19 10:42:54 - src.models.services - INFO - services.py:482 - Object analysis: VLM=1, YOLO=0
2025-11-19 10:42:54 - src.models.services - INFO - services.py:520 - DB 2차 검증 시작: detected_item_name='new item', vlm_description='A person holding a dark-colored smartphone with a triple-camera module in an office setting', vlm_description_ko='사무실에서 트리플 카메라 모듈이 탑재된 어두운 색상의 스마트폰을 들고 있는 사람'
2025-11-19 10:42:54 - src.models.services - INFO - services.py:185 - VLM keywords extracted: EN=10 (['person', 'holding', 'dark', 'colored', 'smartphone']), KO=11 (['사무실에서', '트리플', '카메라', '모듈이', '탑재된']), search_keywords=['person', 'holding', 'dark', 'colored', 'smartphone', '사무실에서', '트리플', '카메라', '모듈이', '탑재된']
2025-11-19 10:42:54 - src.models.services - INFO - services.py:256 - Fetched 1 items matching keywords from database (direct DB access)
2025-11-19 10:42:54 - src.models.services - INFO - services.py:379 - Similar item found: 'cell phone' (score=0.385, item_id=5)
2025-11-19 10:42:54 - src.models.services - INFO - services.py:400 - DB 2차 검증 완료: detected='new item', found 1 similar items (from 1 total items, 1 with description, 1 processed)
2025-11-19 10:42:54 - src.models.services - INFO - services.py:403 - Top similar items: cell phone(0.39)
2025-11-19 10:42:54 - src.models.services - INFO - services.py:535 - Found 1 similar items for 'new item'
2025-11-19 10:42:54 - src.utils.request_logger - INFO - request_logger.py:132 - 127.0.0.1 | "POST /analyze" | 200 | 4586.83ms
2025-11-19 10:43:00 - src.api.web.item.item - INFO - item.py:177 - Item list requested: user=anonymous, page=1, page_size=100, search=cell phone
2025-11-19 10:43:00 - src.api.web.item.item_service - INFO - item_service.py:167 - 품목 목록 조회: total=1, page=1, page_size=100, returned=1, search='cell phone'
2025-11-19 10:43:00 - src.utils.request_logger - INFO - request_logger.py:132 - 127.0.0.1 | "GET /api/web/item/" | 200 | 96.06ms | query={"page": "1", "page_size": "100", "search": "cell phone"}
2025-11-19 10:43:00 - src.api.web.item.item - INFO - item.py:125 - Item detail requested: user=anonymous, item_id=5
2025-11-19 10:43:00 - src.api.web.item.item_service - INFO - item_service.py:79 - 품목 조회: item_id=5, itemName=cell phone
2025-11-19 10:43:00 - src.utils.request_logger - INFO - request_logger.py:132 - 127.0.0.1 | "GET /api/web/item/5" | 200 | 5.13ms
2025-11-19 10:43:00 - src.api.web.detection.detection - INFO - detection.py:114 - Detection upload requested: user=anonymous, item_id=5, status=TRUE, item_count=1
2025-11-19 10:43:00 - src.api.web.detection.detection - INFO - detection.py:196 - Detection image stored at uploads/detection/2025-11-19/811d48e2-fd02-44da-b9ab-662fa6886aa9.jpg
2025-11-19 10:43:00 - src.api.web.detection.detection_service - INFO - detection_service.py:70 - Detection result created: id=68, item_id=5, status=TRUE
2025-11-19 10:43:00 - src.utils.request_logger - INFO - request_logger.py:132 - 127.0.0.1 | "POST /api/web/detection/upload-image" | 201 | 7.69ms
2025-11-19 10:43:34 - src.utils.logger - INFO - lifecycle.py:140 - Shutting down services
2025-11-19 10:43:34 - src.utils.logger - INFO - gui.py:71 - Stopping GUI process (pid=532)
2025-11-19 10:43:34 - src.models.models - INFO - models.py:168 - Unloading YOLO models...
2025-11-19 10:43:34 - src.models.models - INFO - models.py:175 - YOLO backbone model unloaded
2025-11-19 10:43:34 - src.models.models - INFO - models.py:175 - YOLO trained model unloaded
2025-11-19 10:43:34 - src.models.models - INFO - models.py:178 - YOLO models unloaded
2025-11-19 10:43:34 - src.utils.logger - INFO - lifecycle.py:165 - Shutdown complete
2025-11-19 10:43:40 - src.utils.logger - INFO - logger.py:165 - 📝 Logging initialized - Retention: 7 days
2025-11-19 10:43:40 - src.utils.logger - INFO - logger.py:166 - 📂 INFO logs: logs/info
2025-11-19 10:43:40 - src.utils.logger - INFO - logger.py:167 - 📂 ERROR logs: logs/error
2025-11-19 10:43:40 - src.utils.logger - INFO - lifecycle.py:43 - Starting service...
2025-11-19 10:43:40 - src.common.mariadb.database - INFO - database.py:140 - Database initialized successfully
2025-11-19 10:43:40 - src.utils.logger - INFO - lifecycle.py:47 - Database connection available
2025-11-19 10:43:40 - src.models.models - INFO - models.py:148 - YOLO backbone model loaded from /Users/goodsee/dongwon/models/yolo12n.pt
2025-11-19 10:43:40 - src.models.models - INFO - models.py:148 - YOLO trained model loaded from /Users/goodsee/dongwon/models/best.pt
2025-11-19 10:43:40 - src.utils.logger - INFO - lifecycle.py:54 - YOLO model loaded
2025-11-19 10:43:40 - src.utils.logger - INFO - lifecycle.py:72 - Using remote VLM server: http://114.110.133.13:60005
2025-11-19 10:43:40 - src.models.vlm_client - INFO - vlm_client.py:21 - VLM HTTP Client initialized: http://114.110.133.13:60005
2025-11-19 10:43:40 - src.utils.logger - INFO - lifecycle.py:76 - Checking VLM server connection...
2025-11-19 10:43:40 - src.models.vlm_client - INFO - vlm_client.py:39 - VLM server health check passed: {'status': 'ok', 'vlm_ready': True, 'service': 'VLM Model Server'}
2025-11-19 10:43:40 - src.utils.logger - INFO - lifecycle.py:79 - VLM server connection verified (remote server mode)
2025-11-19 10:43:40 - src.utils.logger - INFO - lifecycle.py:124 - GUI enabled via ENABLE_GUI=true
2025-11-19 10:43:40 - src.utils.logger - INFO - gui.py:56 - GUI process started (pid=645)
2025-11-19 10:43:40 - src.utils.logger - INFO - lifecycle.py:130 - API endpoints ready: YOLO and VLM enabled
2025-11-19 10:43:42 - src.utils.request_logger - INFO - request_logger.py:132 - 127.0.0.1 | "GET /health" | 200 | 0.68ms
2025-11-19 10:43:50 - src.models.services - INFO - services.py:477 - Analysis type: object
2025-11-19 10:43:50 - src.models.services - INFO - services.py:482 - Object analysis: VLM=1, YOLO=0
2025-11-19 10:43:50 - src.models.services - INFO - services.py:520 - DB 2차 검증 시작: detected_item_name='new item', vlm_description='A person wearing glasses and a gray coat in an office setting with multiple computer monitors and de', vlm_description_ko='여러 대의 컴퓨터 모니터와 책상이 배경에 보이는 사무실 환경에서 안경과 회색 코트를 입은 사람.'
2025-11-19 10:43:50 - src.models.services - INFO - services.py:185 - VLM keywords extracted: EN=13 (['person', 'wearing', 'glasses', 'gray', 'coat']), KO=14 (['여러', '대의', '컴퓨터', '모니터와', '책상이']), search_keywords=['person', 'wearing', 'glasses', 'gray', 'coat', '여러', '대의', '컴퓨터', '모니터와', '책상이']
2025-11-19 10:43:50 - src.models.services - INFO - services.py:256 - Fetched 0 items matching keywords from database (direct DB access)
2025-11-19 10:43:50 - src.models.services - INFO - services.py:535 - Found 0 similar items for 'new item'
2025-11-19 10:43:50 - src.utils.request_logger - INFO - request_logger.py:132 - 127.0.0.1 | "POST /analyze" | 200 | 4401.88ms
2025-11-19 10:43:55 - src.api.web.item.item - INFO - item.py:177 - Item list requested: user=anonymous, page=1, page_size=100, search=new item
2025-11-19 10:43:55 - src.api.web.item.item_service - INFO - item_service.py:167 - 품목 목록 조회: total=1, page=1, page_size=100, returned=1, search='new item'
2025-11-19 10:43:55 - src.utils.request_logger - INFO - request_logger.py:132 - 127.0.0.1 | "GET /api/web/item/" | 200 | 9.11ms | query={"page": "1", "page_size": "100", "search": "new item"}
2025-11-19 10:43:55 - src.api.web.item.item - INFO - item.py:125 - Item detail requested: user=anonymous, item_id=2
2025-11-19 10:43:55 - src.api.web.item.item_service - INFO - item_service.py:79 - 품목 조회: item_id=2, itemName=new item
2025-11-19 10:43:55 - src.utils.request_logger - INFO - request_logger.py:132 - 127.0.0.1 | "GET /api/web/item/2" | 200 | 4.59ms
2025-11-19 10:43:55 - src.api.web.detection.detection - INFO - detection.py:114 - Detection upload requested: user=anonymous, item_id=2, status=FALSE, item_count=1
2025-11-19 10:43:55 - src.api.web.detection.detection - INFO - detection.py:196 - Detection image stored at uploads/detection/2025-11-19/2e3c326f-6d13-4b92-a857-7e6ec42d7896.jpg
2025-11-19 10:43:55 - src.api.web.detection.detection_service - INFO - detection_service.py:70 - Detection result created: id=69, item_id=2, status=FALSE
2025-11-19 10:43:55 - src.utils.request_logger - INFO - request_logger.py:132 - 127.0.0.1 | "POST /api/web/detection/upload-image" | 201 | 11.88ms
2025-11-19 10:48:40 - src.utils.logger - INFO - lifecycle.py:140 - Shutting down services
2025-11-19 10:48:40 - src.models.models - INFO - models.py:168 - Unloading YOLO models...
2025-11-19 10:48:40 - src.models.models - INFO - models.py:175 - YOLO backbone model unloaded
2025-11-19 10:48:40 - src.models.models - INFO - models.py:175 - YOLO trained model unloaded
2025-11-19 10:48:40 - src.models.models - INFO - models.py:178 - YOLO models unloaded
2025-11-19 10:48:40 - src.utils.logger - INFO - lifecycle.py:165 - Shutdown complete
2025-11-19 10:48:48 - src.utils.logger - INFO - logger.py:165 - 📝 Logging initialized - Retention: 7 days
2025-11-19 10:48:48 - src.utils.logger - INFO - logger.py:166 - 📂 INFO logs: logs/info
2025-11-19 10:48:48 - src.utils.logger - INFO - logger.py:167 - 📂 ERROR logs: logs/error
2025-11-19 10:48:48 - src.utils.logger - INFO - lifecycle.py:43 - Starting service...
2025-11-19 10:48:48 - src.common.mariadb.database - INFO - database.py:140 - Database initialized successfully
2025-11-19 10:48:48 - src.utils.logger - INFO - lifecycle.py:47 - Database connection available
2025-11-19 10:48:48 - src.models.models - INFO - models.py:148 - YOLO backbone model loaded from /Users/goodsee/dongwon/models/yolo12n.pt
2025-11-19 10:48:48 - src.models.models - INFO - models.py:148 - YOLO trained model loaded from /Users/goodsee/dongwon/models/best.pt
2025-11-19 10:48:48 - src.utils.logger - INFO - lifecycle.py:54 - YOLO model loaded
2025-11-19 10:48:48 - src.utils.logger - INFO - lifecycle.py:72 - Using remote VLM server: http://114.110.133.13:60005
2025-11-19 10:48:48 - src.models.vlm_client - INFO - vlm_client.py:21 - VLM HTTP Client initialized: http://114.110.133.13:60005
2025-11-19 10:48:48 - src.utils.logger - INFO - lifecycle.py:76 - Checking VLM server connection...
2025-11-19 10:48:49 - src.models.vlm_client - INFO - vlm_client.py:39 - VLM server health check passed: {'status': 'ok', 'vlm_ready': True, 'service': 'VLM Model Server'}
2025-11-19 10:48:49 - src.utils.logger - INFO - lifecycle.py:79 - VLM server connection verified (remote server mode)
2025-11-19 10:48:49 - src.utils.logger - INFO - lifecycle.py:124 - GUI enabled via ENABLE_GUI=true
2025-11-19 10:48:49 - src.utils.logger - INFO - gui.py:56 - GUI process started (pid=1200)
2025-11-19 10:48:49 - src.utils.logger - INFO - lifecycle.py:130 - API endpoints ready: YOLO and VLM enabled
2025-11-19 10:48:50 - src.utils.request_logger - INFO - request_logger.py:132 - 127.0.0.1 | "GET /health" | 200 | 0.86ms
2025-11-19 10:48:53 - src.utils.logger - INFO - lifecycle.py:140 - Shutting down services
2025-11-19 10:48:53 - src.utils.logger - INFO - gui.py:71 - Stopping GUI process (pid=1200)
2025-11-19 10:48:53 - src.models.models - INFO - models.py:168 - Unloading YOLO models...
2025-11-19 10:48:53 - src.models.models - INFO - models.py:175 - YOLO backbone model unloaded
2025-11-19 10:48:53 - src.models.models - INFO - models.py:175 - YOLO trained model unloaded
2025-11-19 10:48:53 - src.models.models - INFO - models.py:178 - YOLO models unloaded
2025-11-19 10:48:53 - src.utils.logger - INFO - lifecycle.py:165 - Shutdown complete
2025-11-19 10:48:59 - src.utils.logger - INFO - logger.py:165 - 📝 Logging initialized - Retention: 7 days
2025-11-19 10:48:59 - src.utils.logger - INFO - logger.py:166 - 📂 INFO logs: logs/info
2025-11-19 10:48:59 - src.utils.logger - INFO - logger.py:167 - 📂 ERROR logs: logs/error
2025-11-19 10:48:59 - src.utils.logger - INFO - lifecycle.py:43 - Starting service...
2025-11-19 10:48:59 - src.common.mariadb.database - INFO - database.py:140 - Database initialized successfully
2025-11-19 10:48:59 - src.utils.logger - INFO - lifecycle.py:47 - Database connection available
2025-11-19 10:49:00 - src.models.models - INFO - models.py:148 - YOLO backbone model loaded from /Users/goodsee/dongwon/models/yolo12n.pt
2025-11-19 10:49:00 - src.models.models - INFO - models.py:148 - YOLO trained model loaded from /Users/goodsee/dongwon/models/best.pt
2025-11-19 10:49:00 - src.utils.logger - INFO - lifecycle.py:54 - YOLO model loaded
2025-11-19 10:49:00 - src.utils.logger - INFO - lifecycle.py:72 - Using remote VLM server: http://114.110.133.13:60005
2025-11-19 10:49:00 - src.models.vlm_client - INFO - vlm_client.py:21 - VLM HTTP Client initialized: http://114.110.133.13:60005
2025-11-19 10:49:00 - src.utils.logger - INFO - lifecycle.py:76 - Checking VLM server connection...
2025-11-19 10:49:00 - src.models.vlm_client - INFO - vlm_client.py:39 - VLM server health check passed: {'status': 'ok', 'vlm_ready': True, 'service': 'VLM Model Server'}
2025-11-19 10:49:00 - src.utils.logger - INFO - lifecycle.py:79 - VLM server connection verified (remote server mode)
2025-11-19 10:49:00 - src.utils.logger - INFO - lifecycle.py:124 - GUI enabled via ENABLE_GUI=true
2025-11-19 10:49:00 - src.utils.logger - INFO - gui.py:56 - GUI process started (pid=1214)
2025-11-19 10:49:00 - src.utils.logger - INFO - lifecycle.py:130 - API endpoints ready: YOLO and VLM enabled
2025-11-19 10:49:01 - src.utils.request_logger - INFO - request_logger.py:132 - 127.0.0.1 | "GET /health" | 200 | 1.12ms
2025-11-19 10:49:01 - src.utils.logger - INFO - lifecycle.py:140 - Shutting down services
2025-11-19 10:49:01 - src.utils.logger - INFO - gui.py:71 - Stopping GUI process (pid=1214)
2025-11-19 10:49:01 - src.models.models - INFO - models.py:168 - Unloading YOLO models...
2025-11-19 10:49:01 - src.models.models - INFO - models.py:175 - YOLO backbone model unloaded
2025-11-19 10:49:01 - src.models.models - INFO - models.py:175 - YOLO trained model unloaded
2025-11-19 10:49:01 - src.models.models - INFO - models.py:178 - YOLO models unloaded
2025-11-19 10:49:01 - src.utils.logger - INFO - lifecycle.py:165 - Shutdown complete
2025-11-19 10:49:07 - src.utils.logger - INFO - logger.py:165 - 📝 Logging initialized - Retention: 7 days
2025-11-19 10:49:07 - src.utils.logger - INFO - logger.py:166 - 📂 INFO logs: logs/info
2025-11-19 10:49:07 - src.utils.logger - INFO - logger.py:167 - 📂 ERROR logs: logs/error
2025-11-19 10:49:07 - src.utils.logger - INFO - lifecycle.py:43 - Starting service...
2025-11-19 10:49:07 - src.common.mariadb.database - INFO - database.py:140 - Database initialized successfully
2025-11-19 10:49:07 - src.utils.logger - INFO - lifecycle.py:47 - Database connection available
2025-11-19 10:49:07 - src.models.models - INFO - models.py:148 - YOLO backbone model loaded from /Users/goodsee/dongwon/models/yolo12n.pt
2025-11-19 10:49:07 - src.models.models - INFO - models.py:148 - YOLO trained model loaded from /Users/goodsee/dongwon/models/best.pt
2025-11-19 10:49:07 - src.utils.logger - INFO - lifecycle.py:54 - YOLO model loaded
2025-11-19 10:49:07 - src.utils.logger - INFO - lifecycle.py:72 - Using remote VLM server: http://114.110.133.13:60005
2025-11-19 10:49:07 - src.models.vlm_client - INFO - vlm_client.py:21 - VLM HTTP Client initialized: http://114.110.133.13:60005
2025-11-19 10:49:07 - src.utils.logger - INFO - lifecycle.py:76 - Checking VLM server connection...
2025-11-19 10:49:07 - src.models.vlm_client - INFO - vlm_client.py:39 - VLM server health check passed: {'status': 'ok', 'vlm_ready': True, 'service': 'VLM Model Server'}
2025-11-19 10:49:07 - src.utils.logger - INFO - lifecycle.py:79 - VLM server connection verified (remote server mode)
2025-11-19 10:49:07 - src.utils.logger - INFO - lifecycle.py:124 - GUI enabled via ENABLE_GUI=true
2025-11-19 10:49:07 - src.utils.logger - INFO - gui.py:56 - GUI process started (pid=1228)
2025-11-19 10:49:07 - src.utils.logger - INFO - lifecycle.py:130 - API endpoints ready: YOLO and VLM enabled
2025-11-19 10:49:08 - src.utils.request_logger - INFO - request_logger.py:132 - 127.0.0.1 | "GET /health" | 200 | 0.84ms
2025-11-19 10:49:20 - src.models.services - INFO - services.py:477 - Analysis type: object
2025-11-19 10:49:20 - src.models.services - INFO - services.py:482 - Object analysis: VLM=0, YOLO=0
2025-11-19 10:49:20 - src.models.services - INFO - services.py:520 - DB 2차 검증 시작: detected_item_name='new item', vlm_description='empty', vlm_description_ko='empty'
2025-11-19 10:49:20 - src.models.services - WARNING - services.py:537 - DB 2차 검증 스킵: vlm_description=False, vlm_description_ko=False
2025-11-19 10:49:20 - src.utils.request_logger - INFO - request_logger.py:132 - 127.0.0.1 | "POST /analyze" | 200 | 3118.62ms
2025-11-19 10:49:34 - src.api.web.item.item - INFO - item.py:177 - Item list requested: user=anonymous, page=1, page_size=100, search=new item
2025-11-19 10:49:34 - src.api.web.item.item_service - INFO - item_service.py:167 - 품목 목록 조회: total=1, page=1, page_size=100, returned=1, search='new item'
2025-11-19 10:49:34 - src.utils.request_logger - INFO - request_logger.py:132 - 127.0.0.1 | "GET /api/web/item/" | 200 | 16.77ms | query={"page": "1", "page_size": "100", "search": "new item"}
2025-11-19 10:49:38 - src.models.services - INFO - services.py:477 - Analysis type: object
2025-11-19 10:49:38 - src.models.services - INFO - services.py:482 - Object analysis: VLM=0, YOLO=0
2025-11-19 10:49:38 - src.models.services - INFO - services.py:520 - DB 2차 검증 시작: detected_item_name='new item', vlm_description='empty', vlm_description_ko='empty'
2025-11-19 10:49:38 - src.models.services - WARNING - services.py:537 - DB 2차 검증 스킵: vlm_description=False, vlm_description_ko=False
2025-11-19 10:49:38 - src.utils.request_logger - INFO - request_logger.py:132 - 127.0.0.1 | "POST /analyze" | 200 | 3031.27ms
2025-11-19 10:56:09 - src.utils.logger - INFO - lifecycle.py:140 - Shutting down services
2025-11-19 10:56:09 - src.utils.logger - INFO - gui.py:71 - Stopping GUI process (pid=1228)
2025-11-19 10:56:09 - src.models.models - INFO - models.py:168 - Unloading YOLO models...
2025-11-19 10:56:09 - src.models.models - INFO - models.py:175 - YOLO backbone model unloaded
2025-11-19 10:56:09 - src.models.models - INFO - models.py:175 - YOLO trained model unloaded
2025-11-19 10:56:09 - src.models.models - INFO - models.py:178 - YOLO models unloaded
2025-11-19 10:56:09 - src.utils.logger - INFO - lifecycle.py:165 - Shutdown complete
2025-11-19 10:56:19 - src.utils.logger - INFO - logger.py:165 - 📝 Logging initialized - Retention: 7 days
2025-11-19 10:56:19 - src.utils.logger - INFO - logger.py:166 - 📂 INFO logs: logs/info
2025-11-19 10:56:19 - src.utils.logger - INFO - logger.py:167 - 📂 ERROR logs: logs/error
2025-11-19 10:56:19 - src.utils.logger - INFO - lifecycle.py:43 - Starting service...
2025-11-19 10:56:19 - src.common.mariadb.database - INFO - database.py:140 - Database initialized successfully
2025-11-19 10:56:19 - src.utils.logger - INFO - lifecycle.py:47 - Database connection available
2025-11-19 10:56:19 - src.models.models - INFO - models.py:148 - YOLO backbone model loaded from /Users/goodsee/dongwon/models/yolo12n.pt
2025-11-19 10:56:19 - src.models.models - INFO - models.py:148 - YOLO trained model loaded from /Users/goodsee/dongwon/models/best.pt
2025-11-19 10:56:19 - src.utils.logger - INFO - lifecycle.py:54 - YOLO model loaded
2025-11-19 10:56:19 - src.utils.logger - INFO - lifecycle.py:72 - Using remote VLM server: http://114.110.133.13:60005
2025-11-19 10:56:19 - src.models.vlm_client - INFO - vlm_client.py:21 - VLM HTTP Client initialized: http://114.110.133.13:60005
2025-11-19 10:56:19 - src.utils.logger - INFO - lifecycle.py:76 - Checking VLM server connection...
2025-11-19 10:56:19 - src.models.vlm_client - INFO - vlm_client.py:39 - VLM server health check passed: {'status': 'ok', 'vlm_ready': True, 'service': 'VLM Model Server'}
2025-11-19 10:56:19 - src.utils.logger - INFO - lifecycle.py:79 - VLM server connection verified (remote server mode)
2025-11-19 10:56:19 - src.utils.logger - INFO - lifecycle.py:124 - GUI enabled via ENABLE_GUI=true
2025-11-19 10:56:19 - src.utils.logger - INFO - gui.py:56 - GUI process started (pid=1910)
2025-11-19 10:56:19 - src.utils.logger - INFO - lifecycle.py:130 - API endpoints ready: YOLO and VLM enabled
2025-11-19 10:56:21 - src.utils.request_logger - INFO - request_logger.py:132 - 127.0.0.1 | "GET /health" | 200 | 1.03ms
2025-11-19 10:56:34 - src.utils.logger - INFO - lifecycle.py:140 - Shutting down services
2025-11-19 10:56:34 - src.utils.logger - INFO - gui.py:71 - Stopping GUI process (pid=1910)
2025-11-19 10:56:34 - src.models.models - INFO - models.py:168 - Unloading YOLO models...
2025-11-19 10:56:34 - src.models.models - INFO - models.py:175 - YOLO backbone model unloaded
2025-11-19 10:56:34 - src.models.models - INFO - models.py:175 - YOLO trained model unloaded
2025-11-19 10:56:34 - src.models.models - INFO - models.py:178 - YOLO models unloaded
2025-11-19 10:56:34 - src.utils.logger - INFO - lifecycle.py:165 - Shutdown complete
2025-11-19 10:56:40 - src.utils.logger - INFO - logger.py:165 - 📝 Logging initialized - Retention: 7 days
2025-11-19 10:56:40 - src.utils.logger - INFO - logger.py:166 - 📂 INFO logs: logs/info
2025-11-19 10:56:40 - src.utils.logger - INFO - logger.py:167 - 📂 ERROR logs: logs/error
2025-11-19 10:56:40 - src.utils.logger - INFO - lifecycle.py:43 - Starting service...
2025-11-19 10:56:40 - src.common.mariadb.database - INFO - database.py:140 - Database initialized successfully
2025-11-19 10:56:40 - src.utils.logger - INFO - lifecycle.py:47 - Database connection available
2025-11-19 10:56:40 - src.models.models - INFO - models.py:148 - YOLO backbone model loaded from /Users/goodsee/dongwon/models/yolo12n.pt
2025-11-19 10:56:41 - src.models.models - INFO - models.py:148 - YOLO trained model loaded from /Users/goodsee/dongwon/models/best.pt
2025-11-19 10:56:41 - src.utils.logger - INFO - lifecycle.py:54 - YOLO model loaded
2025-11-19 10:56:41 - src.utils.logger - INFO - lifecycle.py:72 - Using remote VLM server: http://114.110.133.13:60005
2025-11-19 10:56:41 - src.models.vlm_client - INFO - vlm_client.py:21 - VLM HTTP Client initialized: http://114.110.133.13:60005
2025-11-19 10:56:41 - src.utils.logger - INFO - lifecycle.py:76 - Checking VLM server connection...
2025-11-19 10:56:41 - src.models.vlm_client - INFO - vlm_client.py:39 - VLM server health check passed: {'status': 'ok', 'vlm_ready': True, 'service': 'VLM Model Server'}
2025-11-19 10:56:41 - src.utils.logger - INFO - lifecycle.py:79 - VLM server connection verified (remote server mode)
2025-11-19 10:56:41 - src.utils.logger - INFO - lifecycle.py:124 - GUI enabled via ENABLE_GUI=true
2025-11-19 10:56:41 - src.utils.logger - INFO - gui.py:56 - GUI process started (pid=1932)
2025-11-19 10:56:41 - src.utils.logger - INFO - lifecycle.py:130 - API endpoints ready: YOLO and VLM enabled
2025-11-19 10:56:42 - src.utils.request_logger - INFO - request_logger.py:132 - 127.0.0.1 | "GET /health" | 200 | 1.09ms
2025-11-19 10:56:42 - src.utils.logger - INFO - lifecycle.py:140 - Shutting down services
2025-11-19 10:56:42 - src.utils.logger - INFO - gui.py:71 - Stopping GUI process (pid=1932)
2025-11-19 10:56:42 - src.models.models - INFO - models.py:168 - Unloading YOLO models...
2025-11-19 10:56:42 - src.models.models - INFO - models.py:175 - YOLO backbone model unloaded
2025-11-19 10:56:42 - src.models.models - INFO - models.py:175 - YOLO trained model unloaded
2025-11-19 10:56:42 - src.models.models - INFO - models.py:178 - YOLO models unloaded
2025-11-19 10:56:42 - src.utils.logger - INFO - lifecycle.py:165 - Shutdown complete
2025-11-19 10:56:49 - src.utils.logger - INFO - logger.py:165 - 📝 Logging initialized - Retention: 7 days
2025-11-19 10:56:49 - src.utils.logger - INFO - logger.py:166 - 📂 INFO logs: logs/info
2025-11-19 10:56:49 - src.utils.logger - INFO - logger.py:167 - 📂 ERROR logs: logs/error
2025-11-19 10:56:49 - src.utils.logger - INFO - lifecycle.py:43 - Starting service...
2025-11-19 10:56:49 - src.common.mariadb.database - INFO - database.py:140 - Database initialized successfully
2025-11-19 10:56:49 - src.utils.logger - INFO - lifecycle.py:47 - Database connection available
2025-11-19 10:56:49 - src.models.models - INFO - models.py:148 - YOLO backbone model loaded from /Users/goodsee/dongwon/models/yolo12n.pt
2025-11-19 10:56:49 - src.models.models - INFO - models.py:148 - YOLO trained model loaded from /Users/goodsee/dongwon/models/best.pt
2025-11-19 10:56:49 - src.utils.logger - INFO - lifecycle.py:54 - YOLO model loaded
2025-11-19 10:56:49 - src.utils.logger - INFO - lifecycle.py:72 - Using remote VLM server: http://114.110.133.13:60005
2025-11-19 10:56:49 - src.models.vlm_client - INFO - vlm_client.py:21 - VLM HTTP Client initialized: http://114.110.133.13:60005
2025-11-19 10:56:49 - src.utils.logger - INFO - lifecycle.py:76 - Checking VLM server connection...
2025-11-19 10:56:49 - src.models.vlm_client - INFO - vlm_client.py:39 - VLM server health check passed: {'status': 'ok', 'vlm_ready': True, 'service': 'VLM Model Server'}
2025-11-19 10:56:49 - src.utils.logger - INFO - lifecycle.py:79 - VLM server connection verified (remote server mode)
2025-11-19 10:56:49 - src.utils.logger - INFO - lifecycle.py:124 - GUI enabled via ENABLE_GUI=true
2025-11-19 10:56:49 - src.utils.logger - INFO - gui.py:56 - GUI process started (pid=1944)
2025-11-19 10:56:49 - src.utils.logger - INFO - lifecycle.py:130 - API endpoints ready: YOLO and VLM enabled
2025-11-19 10:56:50 - src.utils.request_logger - INFO - request_logger.py:132 - 127.0.0.1 | "GET /health" | 200 | 0.77ms
2025-11-19 10:56:54 - src.utils.logger - INFO - lifecycle.py:140 - Shutting down services
2025-11-19 10:56:54 - src.utils.logger - INFO - gui.py:71 - Stopping GUI process (pid=1944)
2025-11-19 10:56:54 - src.models.models - INFO - models.py:168 - Unloading YOLO models...
2025-11-19 10:56:54 - src.models.models - INFO - models.py:175 - YOLO backbone model unloaded
2025-11-19 10:56:54 - src.models.models - INFO - models.py:175 - YOLO trained model unloaded
2025-11-19 10:56:54 - src.models.models - INFO - models.py:178 - YOLO models unloaded
2025-11-19 10:56:54 - src.utils.logger - INFO - lifecycle.py:165 - Shutdown complete
2025-11-19 10:57:00 - src.utils.logger - INFO - logger.py:165 - 📝 Logging initialized - Retention: 7 days
2025-11-19 10:57:00 - src.utils.logger - INFO - logger.py:166 - 📂 INFO logs: logs/info
2025-11-19 10:57:00 - src.utils.logger - INFO - logger.py:167 - 📂 ERROR logs: logs/error
2025-11-19 10:57:00 - src.utils.logger - INFO - lifecycle.py:43 - Starting service...
2025-11-19 10:57:00 - src.common.mariadb.database - INFO - database.py:140 - Database initialized successfully
2025-11-19 10:57:00 - src.utils.logger - INFO - lifecycle.py:47 - Database connection available
2025-11-19 10:57:00 - src.models.models - INFO - models.py:148 - YOLO backbone model loaded from /Users/goodsee/dongwon/models/yolo12n.pt
2025-11-19 10:57:01 - src.models.models - INFO - models.py:148 - YOLO trained model loaded from /Users/goodsee/dongwon/models/best.pt
2025-11-19 10:57:01 - src.utils.logger - INFO - lifecycle.py:54 - YOLO model loaded
2025-11-19 10:57:01 - src.utils.logger - INFO - lifecycle.py:72 - Using remote VLM server: http://114.110.133.13:60005
2025-11-19 10:57:01 - src.models.vlm_client - INFO - vlm_client.py:21 - VLM HTTP Client initialized: http://114.110.133.13:60005
2025-11-19 10:57:01 - src.utils.logger - INFO - lifecycle.py:76 - Checking VLM server connection...
2025-11-19 10:57:01 - src.models.vlm_client - INFO - vlm_client.py:39 - VLM server health check passed: {'status': 'ok', 'vlm_ready': True, 'service': 'VLM Model Server'}
2025-11-19 10:57:01 - src.utils.logger - INFO - lifecycle.py:79 - VLM server connection verified (remote server mode)
2025-11-19 10:57:01 - src.utils.logger - INFO - lifecycle.py:124 - GUI enabled via ENABLE_GUI=true
2025-11-19 10:57:01 - src.utils.logger - INFO - gui.py:56 - GUI process started (pid=1963)
2025-11-19 10:57:01 - src.utils.logger - INFO - lifecycle.py:130 - API endpoints ready: YOLO and VLM enabled
2025-11-19 10:57:02 - src.utils.request_logger - INFO - request_logger.py:132 - 127.0.0.1 | "GET /health" | 200 | 0.85ms
2025-11-19 10:57:11 - src.utils.logger - INFO - lifecycle.py:140 - Shutting down services
2025-11-19 10:57:11 - src.utils.logger - INFO - gui.py:71 - Stopping GUI process (pid=1963)
2025-11-19 10:57:11 - src.models.models - INFO - models.py:168 - Unloading YOLO models...
2025-11-19 10:57:11 - src.models.models - INFO - models.py:175 - YOLO backbone model unloaded
2025-11-19 10:57:11 - src.models.models - INFO - models.py:175 - YOLO trained model unloaded
2025-11-19 10:57:11 - src.models.models - INFO - models.py:178 - YOLO models unloaded
2025-11-19 10:57:11 - src.utils.logger - INFO - lifecycle.py:165 - Shutdown complete
2025-11-19 10:57:17 - src.utils.logger - INFO - logger.py:165 - 📝 Logging initialized - Retention: 7 days
2025-11-19 10:57:17 - src.utils.logger - INFO - logger.py:166 - 📂 INFO logs: logs/info
2025-11-19 10:57:17 - src.utils.logger - INFO - logger.py:167 - 📂 ERROR logs: logs/error
2025-11-19 10:57:17 - src.utils.logger - INFO - lifecycle.py:43 - Starting service...
2025-11-19 10:57:17 - src.common.mariadb.database - INFO - database.py:140 - Database initialized successfully
2025-11-19 10:57:17 - src.utils.logger - INFO - lifecycle.py:47 - Database connection available
2025-11-19 10:57:17 - src.models.models - INFO - models.py:148 - YOLO backbone model loaded from /Users/goodsee/dongwon/models/yolo12n.pt
2025-11-19 10:57:17 - src.models.models - INFO - models.py:148 - YOLO trained model loaded from /Users/goodsee/dongwon/models/best.pt
2025-11-19 10:57:17 - src.utils.logger - INFO - lifecycle.py:54 - YOLO model loaded
2025-11-19 10:57:17 - src.utils.logger - INFO - lifecycle.py:72 - Using remote VLM server: http://114.110.133.13:60005
2025-11-19 10:57:17 - src.models.vlm_client - INFO - vlm_client.py:21 - VLM HTTP Client initialized: http://114.110.133.13:60005
2025-11-19 10:57:17 - src.utils.logger - INFO - lifecycle.py:76 - Checking VLM server connection...
2025-11-19 10:57:17 - src.models.vlm_client - INFO - vlm_client.py:39 - VLM server health check passed: {'status': 'ok', 'vlm_ready': True, 'service': 'VLM Model Server'}
2025-11-19 10:57:17 - src.utils.logger - INFO - lifecycle.py:79 - VLM server connection verified (remote server mode)
2025-11-19 10:57:17 - src.utils.logger - INFO - lifecycle.py:124 - GUI enabled via ENABLE_GUI=true
2025-11-19 10:57:17 - src.utils.logger - INFO - gui.py:56 - GUI process started (pid=1982)
2025-11-19 10:57:17 - src.utils.logger - INFO - lifecycle.py:130 - API endpoints ready: YOLO and VLM enabled
2025-11-19 10:57:18 - src.utils.request_logger - INFO - request_logger.py:132 - 127.0.0.1 | "GET /health" | 200 | 0.72ms
2025-11-19 10:57:22 - src.utils.logger - INFO - lifecycle.py:140 - Shutting down services
2025-11-19 10:57:22 - src.utils.logger - INFO - gui.py:71 - Stopping GUI process (pid=1982)
2025-11-19 10:57:22 - src.models.models - INFO - models.py:168 - Unloading YOLO models...
2025-11-19 10:57:22 - src.models.models - INFO - models.py:175 - YOLO backbone model unloaded
2025-11-19 10:57:22 - src.models.models - INFO - models.py:175 - YOLO trained model unloaded
2025-11-19 10:57:22 - src.models.models - INFO - models.py:178 - YOLO models unloaded
2025-11-19 10:57:22 - src.utils.logger - INFO - lifecycle.py:165 - Shutdown complete
2025-11-19 10:57:27 - src.utils.logger - INFO - logger.py:165 - 📝 Logging initialized - Retention: 7 days
2025-11-19 10:57:27 - src.utils.logger - INFO - logger.py:166 - 📂 INFO logs: logs/info
2025-11-19 10:57:27 - src.utils.logger - INFO - logger.py:167 - 📂 ERROR logs: logs/error
2025-11-19 10:57:27 - src.utils.logger - INFO - lifecycle.py:43 - Starting service...
2025-11-19 10:57:27 - src.common.mariadb.database - INFO - database.py:140 - Database initialized successfully
2025-11-19 10:57:27 - src.utils.logger - INFO - lifecycle.py:47 - Database connection available
2025-11-19 10:57:27 - src.models.models - INFO - models.py:148 - YOLO backbone model loaded from /Users/goodsee/dongwon/models/yolo12n.pt
2025-11-19 10:57:27 - src.models.models - INFO - models.py:148 - YOLO trained model loaded from /Users/goodsee/dongwon/models/best.pt
2025-11-19 10:57:27 - src.utils.logger - INFO - lifecycle.py:54 - YOLO model loaded
2025-11-19 10:57:27 - src.utils.logger - INFO - lifecycle.py:72 - Using remote VLM server: http://114.110.133.13:60005
2025-11-19 10:57:27 - src.models.vlm_client - INFO - vlm_client.py:21 - VLM HTTP Client initialized: http://114.110.133.13:60005
2025-11-19 10:57:27 - src.utils.logger - INFO - lifecycle.py:76 - Checking VLM server connection...
2025-11-19 10:57:27 - src.models.vlm_client - INFO - vlm_client.py:39 - VLM server health check passed: {'status': 'ok', 'vlm_ready': True, 'service': 'VLM Model Server'}
2025-11-19 10:57:27 - src.utils.logger - INFO - lifecycle.py:79 - VLM server connection verified (remote server mode)
2025-11-19 10:57:27 - src.utils.logger - INFO - lifecycle.py:124 - GUI enabled via ENABLE_GUI=true
2025-11-19 10:57:27 - src.utils.logger - INFO - gui.py:56 - GUI process started (pid=2018)
2025-11-19 10:57:27 - src.utils.logger - INFO - lifecycle.py:130 - API endpoints ready: YOLO and VLM enabled
2025-11-19 10:57:29 - src.utils.request_logger - INFO - request_logger.py:132 - 127.0.0.1 | "GET /health" | 200 | 0.82ms
2025-11-19 10:57:37 - src.models.services - INFO - services.py:477 - Analysis type: object
2025-11-19 10:57:37 - src.models.services - INFO - services.py:482 - Object analysis: VLM=0, YOLO=0
2025-11-19 10:57:37 - src.models.services - INFO - services.py:520 - DB 2차 검증 시작: detected_item_name='new item', vlm_description='empty', vlm_description_ko='empty'
2025-11-19 10:57:37 - src.models.services - WARNING - services.py:537 - DB 2차 검증 스킵: vlm_description=False, vlm_description_ko=False
2025-11-19 10:57:37 - src.utils.request_logger - INFO - request_logger.py:132 - 127.0.0.1 | "POST /analyze" | 200 | 3168.01ms
2025-11-19 10:57:57 - src.api.web.item.item - INFO - item.py:177 - Item list requested: user=anonymous, page=1, page_size=100, search=new item
2025-11-19 10:57:57 - src.api.web.item.item_service - INFO - item_service.py:167 - 품목 목록 조회: total=1, page=1, page_size=100, returned=1, search='new item'
2025-11-19 10:57:57 - src.utils.request_logger - INFO - request_logger.py:132 - 127.0.0.1 | "GET /api/web/item/" | 200 | 44.72ms | query={"page": "1", "page_size": "100", "search": "new item"}
2025-11-19 10:58:23 - src.utils.logger - INFO - lifecycle.py:140 - Shutting down services
2025-11-19 10:58:23 - src.utils.logger - INFO - gui.py:71 - Stopping GUI process (pid=2018)
2025-11-19 10:58:23 - src.models.models - INFO - models.py:168 - Unloading YOLO models...
2025-11-19 10:58:23 - src.models.models - INFO - models.py:175 - YOLO backbone model unloaded
2025-11-19 10:58:23 - src.models.models - INFO - models.py:175 - YOLO trained model unloaded
2025-11-19 10:58:23 - src.models.models - INFO - models.py:178 - YOLO models unloaded
2025-11-19 10:58:23 - src.utils.logger - INFO - lifecycle.py:165 - Shutdown complete
2025-11-19 10:58:31 - src.utils.logger - INFO - logger.py:165 - 📝 Logging initialized - Retention: 7 days
2025-11-19 10:58:31 - src.utils.logger - INFO - logger.py:166 - 📂 INFO logs: logs/info
2025-11-19 10:58:31 - src.utils.logger - INFO - logger.py:167 - 📂 ERROR logs: logs/error
2025-11-19 10:58:31 - src.utils.logger - INFO - lifecycle.py:43 - Starting service...
2025-11-19 10:58:31 - src.common.mariadb.database - INFO - database.py:140 - Database initialized successfully
2025-11-19 10:58:31 - src.utils.logger - INFO - lifecycle.py:47 - Database connection available
2025-11-19 10:58:31 - src.models.models - INFO - models.py:148 - YOLO backbone model loaded from /Users/goodsee/dongwon/models/yolo12n.pt
2025-11-19 10:58:31 - src.models.models - INFO - models.py:148 - YOLO trained model loaded from /Users/goodsee/dongwon/models/best.pt
2025-11-19 10:58:31 - src.utils.logger - INFO - lifecycle.py:54 - YOLO model loaded
2025-11-19 10:58:31 - src.utils.logger - INFO - lifecycle.py:72 - Using remote VLM server: http://114.110.133.13:60005
2025-11-19 10:58:31 - src.models.vlm_client - INFO - vlm_client.py:21 - VLM HTTP Client initialized: http://114.110.133.13:60005
2025-11-19 10:58:31 - src.utils.logger - INFO - lifecycle.py:76 - Checking VLM server connection...
2025-11-19 10:58:31 - src.models.vlm_client - INFO - vlm_client.py:39 - VLM server health check passed: {'status': 'ok', 'vlm_ready': True, 'service': 'VLM Model Server'}
2025-11-19 10:58:31 - src.utils.logger - INFO - lifecycle.py:79 - VLM server connection verified (remote server mode)
2025-11-19 10:58:31 - src.utils.logger - INFO - lifecycle.py:124 - GUI enabled via ENABLE_GUI=true
2025-11-19 10:58:31 - src.utils.logger - INFO - gui.py:56 - GUI process started (pid=2319)
2025-11-19 10:58:31 - src.utils.logger - INFO - lifecycle.py:130 - API endpoints ready: YOLO and VLM enabled
2025-11-19 10:58:33 - src.utils.request_logger - INFO - request_logger.py:132 - 127.0.0.1 | "GET /health" | 200 | 0.74ms
2025-11-19 13:12:48 - src.models.services - INFO - services.py:477 - Analysis type: object
2025-11-19 13:12:48 - src.models.services - INFO - services.py:482 - Object analysis: VLM=1, YOLO=0
2025-11-19 13:12:48 - src.models.services - INFO - services.py:520 - DB 2차 검증 시작: detected_item_name='new item', vlm_description='A person holding a black wallet in front of their face in an office setting', vlm_description_ko='사무실에서 검은색 지갑을 얼굴 앞에 들고 있는 사람'
2025-11-19 13:12:48 - src.models.services - INFO - services.py:185 - VLM keywords extracted: EN=9 (['person', 'holding', 'black', 'wallet', 'front']), KO=8 (['사무실에서', '검은색', '지갑을', '얼굴', '앞에']), search_keywords=['person', 'holding', 'black', 'wallet', 'front', '사무실에서', '검은색', '지갑을', '얼굴', '앞에']
2025-11-19 13:12:48 - src.models.services - INFO - services.py:256 - Fetched 2 items matching keywords from database (direct DB access)
2025-11-19 13:12:48 - src.models.services - INFO - services.py:379 - Similar item found: 'wallet' (score=0.304, item_id=4)
2025-11-19 13:12:48 - src.models.services - INFO - services.py:379 - Similar item found: 'cell phone' (score=0.261, item_id=5)
2025-11-19 13:12:48 - src.models.services - INFO - services.py:400 - DB 2차 검증 완료: detected='new item', found 2 similar items (from 2 total items, 2 with description, 2 processed)
2025-11-19 13:12:48 - src.models.services - INFO - services.py:403 - Top similar items: wallet(0.30), cell phone(0.26)
2025-11-19 13:12:48 - src.models.services - INFO - services.py:535 - Found 2 similar items for 'new item'
2025-11-19 13:12:48 - src.utils.request_logger - INFO - request_logger.py:132 - 127.0.0.1 | "POST /analyze" | 200 | 4908.97ms
2025-11-19 13:13:39 - src.api.web.item.item - INFO - item.py:177 - Item list requested: user=anonymous, page=1, page_size=100, search=new item
2025-11-19 13:13:39 - src.api.web.item.item_service - INFO - item_service.py:167 - 품목 목록 조회: total=1, page=1, page_size=100, returned=1, search='new item'
2025-11-19 13:13:39 - src.utils.request_logger - INFO - request_logger.py:132 - 127.0.0.1 | "GET /api/web/item/" | 200 | 18.87ms | query={"page": "1", "page_size": "100", "search": "new item"}
2025-11-19 13:13:39 - src.api.web.item.item - INFO - item.py:125 - Item detail requested: user=anonymous, item_id=2
2025-11-19 13:13:39 - src.api.web.item.item_service - INFO - item_service.py:79 - 품목 조회: item_id=2, itemName=new item
2025-11-19 13:13:39 - src.utils.request_logger - INFO - request_logger.py:132 - 127.0.0.1 | "GET /api/web/item/2" | 200 | 5.83ms
2025-11-19 13:13:39 - src.api.web.detection.detection - INFO - detection.py:114 - Detection upload requested: user=anonymous, item_id=2, status=FALSE, item_count=1
2025-11-19 13:13:39 - src.api.web.detection.detection - INFO - detection.py:196 - Detection image stored at uploads/detection/2025-11-19/e628b36b-fa28-4594-b7a0-c5e5ca62e4db.jpg
2025-11-19 13:13:39 - src.api.web.detection.detection_service - INFO - detection_service.py:70 - Detection result created: id=70, item_id=2, status=FALSE
2025-11-19 13:13:39 - src.utils.request_logger - INFO - request_logger.py:132 - 127.0.0.1 | "POST /api/web/detection/upload-image" | 201 | 12.54ms
2025-11-19 13:13:44 - src.models.services - INFO - services.py:477 - Analysis type: object
2025-11-19 13:13:44 - src.models.services - INFO - services.py:482 - Object analysis: VLM=1, YOLO=0
2025-11-19 13:13:44 - src.models.services - INFO - services.py:520 - DB 2차 검증 시작: detected_item_name='new item', vlm_description='A person sitting at a desk in an office environment with multiple computer monitors and office equip', vlm_description_ko='여러 컴퓨터 모니터와 사무 장비가 있는 사무실 환경의 책상에 앉아 있는 사람.'
2025-11-19 13:13:44 - src.models.services - INFO - services.py:185 - VLM keywords extracted: EN=10 (['person', 'sitting', 'desk', 'office', 'environment']), KO=12 (['여러', '컴퓨터', '모니터와', '사무', '장비가']), search_keywords=['person', 'sitting', 'desk', 'office', 'environment', '여러', '컴퓨터', '모니터와', '사무', '장비가']
2025-11-19 13:13:44 - src.models.services - INFO - services.py:256 - Fetched 0 items matching keywords from database (direct DB access)
2025-11-19 13:13:44 - src.models.services - INFO - services.py:535 - Found 0 similar items for 'new item'
2025-11-19 13:13:44 - src.utils.request_logger - INFO - request_logger.py:132 - 127.0.0.1 | "POST /analyze" | 200 | 4604.50ms
2025-11-19 13:13:45 - src.api.web.item.item - INFO - item.py:177 - Item list requested: user=anonymous, page=1, page_size=100, search=new item
2025-11-19 13:13:45 - src.api.web.item.item_service - INFO - item_service.py:167 - 품목 목록 조회: total=1, page=1, page_size=100, returned=1, search='new item'
2025-11-19 13:13:45 - src.utils.request_logger - INFO - request_logger.py:132 - 127.0.0.1 | "GET /api/web/item/" | 200 | 11.88ms | query={"page": "1", "page_size": "100", "search": "new item"}
2025-11-19 13:13:45 - src.api.web.item.item - INFO - item.py:125 - Item detail requested: user=anonymous, item_id=2
2025-11-19 13:13:45 - src.api.web.item.item_service - INFO - item_service.py:79 - 품목 조회: item_id=2, itemName=new item
2025-11-19 13:13:45 - src.utils.request_logger - INFO - request_logger.py:132 - 127.0.0.1 | "GET /api/web/item/2" | 200 | 5.96ms
2025-11-19 13:13:45 - src.api.web.detection.detection - INFO - detection.py:114 - Detection upload requested: user=anonymous, item_id=2, status=FALSE, item_count=1
2025-11-19 13:13:45 - src.api.web.detection.detection - INFO - detection.py:196 - Detection image stored at uploads/detection/2025-11-19/e81fa99f-f45f-49d5-95c5-dcb2be8f8605.jpg
2025-11-19 13:13:45 - src.api.web.detection.detection_service - INFO - detection_service.py:70 - Detection result created: id=71, item_id=2, status=FALSE
2025-11-19 13:13:45 - src.utils.request_logger - INFO - request_logger.py:132 - 127.0.0.1 | "POST /api/web/detection/upload-image" | 201 | 6.79ms
2025-11-19 13:13:50 - src.models.services - INFO - services.py:477 - Analysis type: object
2025-11-19 13:13:50 - src.models.services - INFO - services.py:482 - Object analysis: VLM=2, YOLO=0
2025-11-19 13:13:50 - src.models.services - INFO - services.py:520 - DB 2차 검증 시작: detected_item_name='new item', vlm_description='Two individuals working at desks in an office environment with multiple computer monitors and office', vlm_description_ko='여러 컴퓨터 모니터와 사무용 가구가 있는 사무실 환경의 책상에서 작업하는 두 사람'
2025-11-19 13:13:50 - src.models.services - INFO - services.py:185 - VLM keywords extracted: EN=11 (['two', 'individuals', 'working', 'desks', 'office']), KO=11 (['여러', '컴퓨터', '모니터와', '사무용', '가구가']), search_keywords=['two', 'individuals', 'working', 'desks', 'office', '여러', '컴퓨터', '모니터와', '사무용', '가구가']
2025-11-19 13:13:50 - src.models.services - INFO - services.py:256 - Fetched 0 items matching keywords from database (direct DB access)
2025-11-19 13:13:50 - src.models.services - INFO - services.py:535 - Found 0 similar items for 'new item'
2025-11-19 13:13:50 - src.utils.request_logger - INFO - request_logger.py:132 - 127.0.0.1 | "POST /analyze" | 200 | 4611.69ms
2025-11-19 13:14:01 - src.api.web.item.item - INFO - item.py:177 - Item list requested: user=anonymous, page=1, page_size=100, search=new item
2025-11-19 13:14:01 - src.api.web.item.item_service - INFO - item_service.py:167 - 품목 목록 조회: total=1, page=1, page_size=100, returned=1, search='new item'
2025-11-19 13:14:01 - src.utils.request_logger - INFO - request_logger.py:132 - 127.0.0.1 | "GET /api/web/item/" | 200 | 8.67ms | query={"page": "1", "page_size": "100", "search": "new item"}
2025-11-19 13:14:01 - src.api.web.item.item - INFO - item.py:125 - Item detail requested: user=anonymous, item_id=2
2025-11-19 13:14:01 - src.api.web.item.item_service - INFO - item_service.py:79 - 품목 조회: item_id=2, itemName=new item
2025-11-19 13:14:01 - src.utils.request_logger - INFO - request_logger.py:132 - 127.0.0.1 | "GET /api/web/item/2" | 200 | 5.75ms
2025-11-19 13:14:01 - src.api.web.detection.detection - INFO - detection.py:114 - Detection upload requested: user=anonymous, item_id=2, status=FALSE, item_count=2
2025-11-19 13:14:01 - src.api.web.detection.detection - INFO - detection.py:196 - Detection image stored at uploads/detection/2025-11-19/6bc3ae9d-584f-4c46-b40b-ea4c4ac15bb4.jpg
2025-11-19 13:14:01 - src.api.web.detection.detection_service - INFO - detection_service.py:70 - Detection result created: id=72, item_id=2, status=FALSE
2025-11-19 13:14:01 - src.utils.request_logger - INFO - request_logger.py:132 - 127.0.0.1 | "POST /api/web/detection/upload-image" | 201 | 8.56ms
2025-11-19 13:14:10 - src.models.services - INFO - services.py:477 - Analysis type: object
2025-11-19 13:14:10 - src.models.services - INFO - services.py:482 - Object analysis: VLM=1, YOLO=0
2025-11-19 13:14:10 - src.models.services - INFO - services.py:520 - DB 2차 검증 시작: detected_item_name='new item', vlm_description='A person holding up a black wallet in an office setting', vlm_description_ko='사무실에서 검은색 지갑을 들고 있는 사람'
2025-11-19 13:14:10 - src.models.services - INFO - services.py:185 - VLM keywords extracted: EN=6 (['person', 'holding', 'black', 'wallet', 'office']), KO=6 (['사무실에서', '검은색', '지갑을', '들고', '있는']), search_keywords=['person', 'holding', 'black', 'wallet', 'office', '사무실에서', '검은색', '지갑을', '들고', '있는']
2025-11-19 13:14:10 - src.models.services - INFO - services.py:256 - Fetched 2 items matching keywords from database (direct DB access)
2025-11-19 13:14:10 - src.models.services - INFO - services.py:379 - Similar item found: 'wallet' (score=0.350, item_id=4)
2025-11-19 13:14:10 - src.models.services - INFO - services.py:379 - Similar item found: 'cell phone' (score=0.283, item_id=5)
2025-11-19 13:14:10 - src.models.services - INFO - services.py:400 - DB 2차 검증 완료: detected='new item', found 2 similar items (from 2 total items, 2 with description, 2 processed)
2025-11-19 13:14:10 - src.models.services - INFO - services.py:403 - Top similar items: wallet(0.35), cell phone(0.28)
2025-11-19 13:14:10 - src.models.services - INFO - services.py:535 - Found 2 similar items for 'new item'
2025-11-19 13:14:10 - src.utils.request_logger - INFO - request_logger.py:132 - 127.0.0.1 | "POST /analyze" | 200 | 4222.13ms
2025-11-19 13:15:25 - src.api.web.item.item - INFO - item.py:177 - Item list requested: user=anonymous, page=1, page_size=100, search=wallet
2025-11-19 13:15:25 - src.api.web.item.item_service - INFO - item_service.py:167 - 품목 목록 조회: total=1, page=1, page_size=100, returned=1, search='wallet'
2025-11-19 13:15:25 - src.utils.request_logger - INFO - request_logger.py:132 - 127.0.0.1 | "GET /api/web/item/" | 200 | 14.30ms | query={"page": "1", "page_size": "100", "search": "wallet"}
2025-11-19 13:15:25 - src.api.web.item.item - INFO - item.py:125 - Item detail requested: user=anonymous, item_id=4
2025-11-19 13:15:25 - src.api.web.item.item_service - INFO - item_service.py:79 - 품목 조회: item_id=4, itemName=wallet
2025-11-19 13:15:25 - src.utils.request_logger - INFO - request_logger.py:132 - 127.0.0.1 | "GET /api/web/item/4" | 200 | 7.31ms
2025-11-19 13:15:25 - src.api.web.detection.detection - INFO - detection.py:114 - Detection upload requested: user=anonymous, item_id=4, status=TRUE, item_count=1
2025-11-19 13:15:25 - src.api.web.detection.detection - INFO - detection.py:196 - Detection image stored at uploads/detection/2025-11-19/4882853b-fd69-4d01-8cb5-5ff7164d3ca6.jpg
2025-11-19 13:15:25 - src.api.web.detection.detection_service - INFO - detection_service.py:70 - Detection result created: id=73, item_id=4, status=TRUE
2025-11-19 13:15:25 - src.utils.request_logger - INFO - request_logger.py:132 - 127.0.0.1 | "POST /api/web/detection/upload-image" | 201 | 11.37ms
2025-11-19 13:15:30 - src.models.services - INFO - services.py:477 - Analysis type: object
2025-11-19 13:15:30 - src.models.services - INFO - services.py:482 - Object analysis: VLM=1, YOLO=0
2025-11-19 13:15:30 - src.models.services - INFO - services.py:520 - DB 2차 검증 시작: detected_item_name='new item', vlm_description='A man wearing glasses and a gray jacket sitting at a desk in an office with multiple computer monito', vlm_description_ko='안경과 회색 재킷을 입은 남자가 여러 대의 컴퓨터 모니터와 책상이 있는 사무실의 책상에 앉아 있습니다.'
2025-11-19 13:15:30 - src.models.services - INFO - services.py:185 - VLM keywords extracted: EN=14 (['man', 'wearing', 'glasses', 'gray', 'jacket']), KO=15 (['안경과', '회색', '재킷을', '입은', '남자가']), search_keywords=['man', 'wearing', 'glasses', 'gray', 'jacket', '안경과', '회색', '재킷을', '입은', '남자가']
2025-11-19 13:15:30 - src.models.services - INFO - services.py:256 - Fetched 0 items matching keywords from database (direct DB access)
2025-11-19 13:15:30 - src.models.services - INFO - services.py:535 - Found 0 similar items for 'new item'
2025-11-19 13:15:30 - src.utils.request_logger - INFO - request_logger.py:132 - 127.0.0.1 | "POST /analyze" | 200 | 4728.61ms
2025-11-19 13:15:34 - src.api.web.item.item - INFO - item.py:177 - Item list requested: user=anonymous, page=1, page_size=100, search=new item
2025-11-19 13:15:34 - src.api.web.item.item_service - INFO - item_service.py:167 - 품목 목록 조회: total=1, page=1, page_size=100, returned=1, search='new item'
2025-11-19 13:15:34 - src.utils.request_logger - INFO - request_logger.py:132 - 127.0.0.1 | "GET /api/web/item/" | 200 | 8.94ms | query={"page": "1", "page_size": "100", "search": "new item"}
2025-11-19 13:15:34 - src.api.web.item.item - INFO - item.py:125 - Item detail requested: user=anonymous, item_id=2
2025-11-19 13:15:34 - src.api.web.item.item_service - INFO - item_service.py:79 - 품목 조회: item_id=2, itemName=new item
2025-11-19 13:15:34 - src.utils.request_logger - INFO - request_logger.py:132 - 127.0.0.1 | "GET /api/web/item/2" | 200 | 4.81ms
2025-11-19 13:15:34 - src.api.web.detection.detection - INFO - detection.py:114 - Detection upload requested: user=anonymous, item_id=2, status=TRUE, item_count=1
2025-11-19 13:15:34 - src.api.web.detection.detection - INFO - detection.py:196 - Detection image stored at uploads/detection/2025-11-19/a08b6d5d-6710-471c-8576-adacb565dd63.jpg
2025-11-19 13:15:34 - src.api.web.detection.detection_service - INFO - detection_service.py:70 - Detection result created: id=74, item_id=2, status=TRUE
2025-11-19 13:15:34 - src.utils.request_logger - INFO - request_logger.py:132 - 127.0.0.1 | "POST /api/web/detection/upload-image" | 201 | 8.35ms
2025-11-19 13:16:26 - src.utils.logger - INFO - lifecycle.py:140 - Shutting down services
2025-11-19 13:16:26 - src.utils.logger - INFO - gui.py:71 - Stopping GUI process (pid=2319)
2025-11-19 13:16:26 - src.models.models - INFO - models.py:168 - Unloading YOLO models...
2025-11-19 13:16:26 - src.models.models - INFO - models.py:175 - YOLO backbone model unloaded
2025-11-19 13:16:26 - src.models.models - INFO - models.py:175 - YOLO trained model unloaded
2025-11-19 13:16:26 - src.models.models - INFO - models.py:178 - YOLO models unloaded
2025-11-19 13:16:26 - src.utils.logger - INFO - lifecycle.py:165 - Shutdown complete
2025-11-19 13:16:32 - src.utils.logger - INFO - logger.py:165 - 📝 Logging initialized - Retention: 7 days
2025-11-19 13:16:32 - src.utils.logger - INFO - logger.py:166 - 📂 INFO logs: logs/info
2025-11-19 13:16:32 - src.utils.logger - INFO - logger.py:167 - 📂 ERROR logs: logs/error
2025-11-19 13:16:32 - src.utils.logger - INFO - lifecycle.py:43 - Starting service...
2025-11-19 13:16:32 - src.common.mariadb.database - INFO - database.py:140 - Database initialized successfully
2025-11-19 13:16:32 - src.utils.logger - INFO - lifecycle.py:47 - Database connection available
2025-11-19 13:16:32 - src.models.models - INFO - models.py:148 - YOLO backbone model loaded from /Users/goodsee/dongwon/models/yolo12n.pt
2025-11-19 13:16:32 - src.models.models - INFO - models.py:148 - YOLO trained model loaded from /Users/goodsee/dongwon/models/best.pt
2025-11-19 13:16:32 - src.utils.logger - INFO - lifecycle.py:54 - YOLO model loaded
2025-11-19 13:16:32 - src.utils.logger - INFO - lifecycle.py:72 - Using remote VLM server: http://114.110.133.13:60005
2025-11-19 13:16:32 - src.models.vlm_client - INFO - vlm_client.py:21 - VLM HTTP Client initialized: http://114.110.133.13:60005
2025-11-19 13:16:32 - src.utils.logger - INFO - lifecycle.py:76 - Checking VLM server connection...
2025-11-19 13:16:32 - src.models.vlm_client - INFO - vlm_client.py:39 - VLM server health check passed: {'status': 'ok', 'vlm_ready': True, 'service': 'VLM Model Server'}
2025-11-19 13:16:32 - src.utils.logger - INFO - lifecycle.py:79 - VLM server connection verified (remote server mode)
2025-11-19 13:16:32 - src.utils.logger - INFO - lifecycle.py:124 - GUI enabled via ENABLE_GUI=true
2025-11-19 13:16:33 - src.utils.logger - INFO - gui.py:56 - GUI process started (pid=4982)
2025-11-19 13:16:33 - src.utils.logger - INFO - lifecycle.py:130 - API endpoints ready: YOLO and VLM enabled
2025-11-19 13:16:34 - src.utils.request_logger - INFO - request_logger.py:132 - 127.0.0.1 | "GET /health" | 200 | 2.08ms
2025-11-19 13:16:36 - src.utils.logger - INFO - lifecycle.py:140 - Shutting down services
2025-11-19 13:16:36 - src.utils.logger - INFO - gui.py:71 - Stopping GUI process (pid=4982)
2025-11-19 13:16:36 - src.models.models - INFO - models.py:168 - Unloading YOLO models...
2025-11-19 13:16:36 - src.models.models - INFO - models.py:175 - YOLO backbone model unloaded
2025-11-19 13:16:36 - src.models.models - INFO - models.py:175 - YOLO trained model unloaded
2025-11-19 13:16:36 - src.models.models - INFO - models.py:178 - YOLO models unloaded
2025-11-19 13:16:36 - src.utils.logger - INFO - lifecycle.py:165 - Shutdown complete
2025-11-19 13:16:41 - src.utils.logger - INFO - logger.py:165 - 📝 Logging initialized - Retention: 7 days
2025-11-19 13:16:41 - src.utils.logger - INFO - logger.py:166 - 📂 INFO logs: logs/info
2025-11-19 13:16:41 - src.utils.logger - INFO - logger.py:167 - 📂 ERROR logs: logs/error
2025-11-19 13:16:41 - src.utils.logger - INFO - lifecycle.py:43 - Starting service...
2025-11-19 13:16:41 - src.common.mariadb.database - INFO - database.py:140 - Database initialized successfully
2025-11-19 13:16:41 - src.utils.logger - INFO - lifecycle.py:47 - Database connection available
2025-11-19 13:16:42 - src.models.models - INFO - models.py:148 - YOLO backbone model loaded from /Users/goodsee/dongwon/models/yolo12n.pt
2025-11-19 13:16:42 - src.models.models - INFO - models.py:148 - YOLO trained model loaded from /Users/goodsee/dongwon/models/best.pt
2025-11-19 13:16:42 - src.utils.logger - INFO - lifecycle.py:54 - YOLO model loaded
2025-11-19 13:16:42 - src.utils.logger - INFO - lifecycle.py:72 - Using remote VLM server: http://114.110.133.13:60005
2025-11-19 13:16:42 - src.models.vlm_client - INFO - vlm_client.py:21 - VLM HTTP Client initialized: http://114.110.133.13:60005
2025-11-19 13:16:42 - src.utils.logger - INFO - lifecycle.py:76 - Checking VLM server connection...
2025-11-19 13:16:42 - src.models.vlm_client - INFO - vlm_client.py:39 - VLM server health check passed: {'status': 'ok', 'vlm_ready': True, 'service': 'VLM Model Server'}
2025-11-19 13:16:42 - src.utils.logger - INFO - lifecycle.py:79 - VLM server connection verified (remote server mode)
2025-11-19 13:16:42 - src.utils.logger - INFO - lifecycle.py:124 - GUI enabled via ENABLE_GUI=true
2025-11-19 13:16:42 - src.utils.logger - INFO - gui.py:56 - GUI process started (pid=5014)
2025-11-19 13:16:42 - src.utils.logger - INFO - lifecycle.py:130 - API endpoints ready: YOLO and VLM enabled
2025-11-19 13:16:43 - src.utils.request_logger - INFO - request_logger.py:132 - 127.0.0.1 | "GET /health" | 200 | 0.75ms
2025-11-19 13:18:12 - src.utils.logger - INFO - lifecycle.py:140 - Shutting down services
2025-11-19 13:18:12 - src.utils.logger - INFO - gui.py:71 - Stopping GUI process (pid=5014)
2025-11-19 13:18:12 - src.models.models - INFO - models.py:168 - Unloading YOLO models...
2025-11-19 13:18:12 - src.models.models - INFO - models.py:175 - YOLO backbone model unloaded
2025-11-19 13:18:12 - src.models.models - INFO - models.py:175 - YOLO trained model unloaded
2025-11-19 13:18:12 - src.models.models - INFO - models.py:178 - YOLO models unloaded
2025-11-19 13:18:12 - src.utils.logger - INFO - lifecycle.py:165 - Shutdown complete
2025-11-19 13:18:19 - src.utils.logger - INFO - logger.py:165 - 📝 Logging initialized - Retention: 7 days
2025-11-19 13:18:19 - src.utils.logger - INFO - logger.py:166 - 📂 INFO logs: logs/info
2025-11-19 13:18:19 - src.utils.logger - INFO - logger.py:167 - 📂 ERROR logs: logs/error
2025-11-19 13:18:19 - src.utils.logger - INFO - lifecycle.py:43 - Starting service...
2025-11-19 13:18:19 - src.common.mariadb.database - INFO - database.py:140 - Database initialized successfully
2025-11-19 13:18:19 - src.utils.logger - INFO - lifecycle.py:47 - Database connection available
2025-11-19 13:18:19 - src.models.models - INFO - models.py:148 - YOLO backbone model loaded from /Users/goodsee/dongwon/models/yolo12n.pt
2025-11-19 13:18:19 - src.models.models - INFO - models.py:148 - YOLO trained model loaded from /Users/goodsee/dongwon/models/best.pt
2025-11-19 13:18:19 - src.utils.logger - INFO - lifecycle.py:54 - YOLO model loaded
2025-11-19 13:18:19 - src.utils.logger - INFO - lifecycle.py:72 - Using remote VLM server: http://114.110.133.13:60005
2025-11-19 13:18:19 - src.models.vlm_client - INFO - vlm_client.py:21 - VLM HTTP Client initialized: http://114.110.133.13:60005
2025-11-19 13:18:19 - src.utils.logger - INFO - lifecycle.py:76 - Checking VLM server connection...
2025-11-19 13:18:19 - src.models.vlm_client - INFO - vlm_client.py:39 - VLM server health check passed: {'status': 'ok', 'vlm_ready': True, 'service': 'VLM Model Server'}
2025-11-19 13:18:19 - src.utils.logger - INFO - lifecycle.py:79 - VLM server connection verified (remote server mode)
2025-11-19 13:18:19 - src.utils.logger - INFO - lifecycle.py:124 - GUI enabled via ENABLE_GUI=true
2025-11-19 13:18:19 - src.utils.logger - INFO - gui.py:56 - GUI process started (pid=5051)
2025-11-19 13:18:19 - src.utils.logger - INFO - lifecycle.py:130 - API endpoints ready: YOLO and VLM enabled
2025-11-19 13:18:21 - src.utils.request_logger - INFO - request_logger.py:132 - 127.0.0.1 | "GET /health" | 200 | 0.74ms
2025-11-19 13:18:25 - src.utils.logger - INFO - lifecycle.py:140 - Shutting down services
2025-11-19 13:18:25 - src.utils.logger - INFO - gui.py:71 - Stopping GUI process (pid=5051)
2025-11-19 13:18:25 - src.models.models - INFO - models.py:168 - Unloading YOLO models...
2025-11-19 13:18:25 - src.models.models - INFO - models.py:175 - YOLO backbone model unloaded
2025-11-19 13:18:25 - src.models.models - INFO - models.py:175 - YOLO trained model unloaded
2025-11-19 13:18:25 - src.models.models - INFO - models.py:178 - YOLO models unloaded
2025-11-19 13:18:25 - src.utils.logger - INFO - lifecycle.py:165 - Shutdown complete
2025-11-19 13:18:32 - src.utils.logger - INFO - logger.py:165 - 📝 Logging initialized - Retention: 7 days
2025-11-19 13:18:32 - src.utils.logger - INFO - logger.py:166 - 📂 INFO logs: logs/info
2025-11-19 13:18:32 - src.utils.logger - INFO - logger.py:167 - 📂 ERROR logs: logs/error
2025-11-19 13:18:32 - src.utils.logger - INFO - lifecycle.py:43 - Starting service...
2025-11-19 13:18:32 - src.common.mariadb.database - INFO - database.py:140 - Database initialized successfully
2025-11-19 13:18:32 - src.utils.logger - INFO - lifecycle.py:47 - Database connection available
2025-11-19 13:18:32 - src.models.models - INFO - models.py:148 - YOLO backbone model loaded from /Users/goodsee/dongwon/models/yolo12n.pt
2025-11-19 13:18:32 - src.models.models - INFO - models.py:148 - YOLO trained model loaded from /Users/goodsee/dongwon/models/best.pt
2025-11-19 13:18:32 - src.utils.logger - INFO - lifecycle.py:54 - YOLO model loaded
2025-11-19 13:18:32 - src.utils.logger - INFO - lifecycle.py:72 - Using remote VLM server: http://114.110.133.13:60005
2025-11-19 13:18:32 - src.models.vlm_client - INFO - vlm_client.py:21 - VLM HTTP Client initialized: http://114.110.133.13:60005
2025-11-19 13:18:32 - src.utils.logger - INFO - lifecycle.py:76 - Checking VLM server connection...
2025-11-19 13:18:32 - src.models.vlm_client - INFO - vlm_client.py:39 - VLM server health check passed: {'status': 'ok', 'vlm_ready': True, 'service': 'VLM Model Server'}
2025-11-19 13:18:32 - src.utils.logger - INFO - lifecycle.py:79 - VLM server connection verified (remote server mode)
2025-11-19 13:18:32 - src.utils.logger - INFO - lifecycle.py:124 - GUI enabled via ENABLE_GUI=true
2025-11-19 13:18:32 - src.utils.logger - INFO - gui.py:56 - GUI process started (pid=5064)
2025-11-19 13:18:32 - src.utils.logger - INFO - lifecycle.py:130 - API endpoints ready: YOLO and VLM enabled
2025-11-19 13:18:34 - src.utils.request_logger - INFO - request_logger.py:132 - 127.0.0.1 | "GET /health" | 200 | 1.01ms
2025-11-19 13:18:34 - src.utils.logger - INFO - lifecycle.py:140 - Shutting down services
2025-11-19 13:18:34 - src.utils.logger - INFO - gui.py:71 - Stopping GUI process (pid=5064)
2025-11-19 13:18:34 - src.models.models - INFO - models.py:168 - Unloading YOLO models...
2025-11-19 13:18:34 - src.models.models - INFO - models.py:175 - YOLO backbone model unloaded
2025-11-19 13:18:34 - src.models.models - INFO - models.py:175 - YOLO trained model unloaded
2025-11-19 13:18:34 - src.models.models - INFO - models.py:178 - YOLO models unloaded
2025-11-19 13:18:34 - src.utils.logger - INFO - lifecycle.py:165 - Shutdown complete
2025-11-19 13:18:45 - src.utils.logger - INFO - logger.py:165 - 📝 Logging initialized - Retention: 7 days
2025-11-19 13:18:45 - src.utils.logger - INFO - logger.py:166 - 📂 INFO logs: logs/info
2025-11-19 13:18:45 - src.utils.logger - INFO - logger.py:167 - 📂 ERROR logs: logs/error
2025-11-19 13:18:45 - src.utils.logger - INFO - lifecycle.py:43 - Starting service...
2025-11-19 13:18:45 - src.common.mariadb.database - INFO - database.py:140 - Database initialized successfully
2025-11-19 13:18:45 - src.utils.logger - INFO - lifecycle.py:47 - Database connection available
2025-11-19 13:18:45 - src.models.models - INFO - models.py:148 - YOLO backbone model loaded from /Users/goodsee/dongwon/models/yolo12n.pt
2025-11-19 13:18:45 - src.models.models - INFO - models.py:148 - YOLO trained model loaded from /Users/goodsee/dongwon/models/best.pt
2025-11-19 13:18:45 - src.utils.logger - INFO - lifecycle.py:54 - YOLO model loaded
2025-11-19 13:18:45 - src.utils.logger - INFO - lifecycle.py:72 - Using remote VLM server: http://114.110.133.13:60005
2025-11-19 13:18:45 - src.models.vlm_client - INFO - vlm_client.py:21 - VLM HTTP Client initialized: http://114.110.133.13:60005
2025-11-19 13:18:45 - src.utils.logger - INFO - lifecycle.py:76 - Checking VLM server connection...
2025-11-19 13:18:45 - src.models.vlm_client - INFO - vlm_client.py:39 - VLM server health check passed: {'status': 'ok', 'vlm_ready': True, 'service': 'VLM Model Server'}
2025-11-19 13:18:45 - src.utils.logger - INFO - lifecycle.py:79 - VLM server connection verified (remote server mode)
2025-11-19 13:18:45 - src.utils.logger - INFO - lifecycle.py:124 - GUI enabled via ENABLE_GUI=true
2025-11-19 13:18:45 - src.utils.logger - INFO - gui.py:56 - GUI process started (pid=5070)
2025-11-19 13:18:45 - src.utils.logger - INFO - lifecycle.py:130 - API endpoints ready: YOLO and VLM enabled
2025-11-19 13:18:47 - src.utils.request_logger - INFO - request_logger.py:132 - 127.0.0.1 | "GET /health" | 200 | 0.85ms
2025-11-19 13:18:56 - src.utils.logger - INFO - lifecycle.py:140 - Shutting down services
2025-11-19 13:18:56 - src.utils.logger - INFO - gui.py:71 - Stopping GUI process (pid=5070)
2025-11-19 13:18:56 - src.models.models - INFO - models.py:168 - Unloading YOLO models...
2025-11-19 13:18:56 - src.models.models - INFO - models.py:175 - YOLO backbone model unloaded
2025-11-19 13:18:56 - src.models.models - INFO - models.py:175 - YOLO trained model unloaded
2025-11-19 13:18:56 - src.models.models - INFO - models.py:178 - YOLO models unloaded
2025-11-19 13:18:56 - src.utils.logger - INFO - lifecycle.py:165 - Shutdown complete
2025-11-19 13:19:01 - src.utils.logger - INFO - logger.py:165 - 📝 Logging initialized - Retention: 7 days
2025-11-19 13:19:01 - src.utils.logger - INFO - logger.py:166 - 📂 INFO logs: logs/info
2025-11-19 13:19:01 - src.utils.logger - INFO - logger.py:167 - 📂 ERROR logs: logs/error
2025-11-19 13:19:01 - src.utils.logger - INFO - lifecycle.py:43 - Starting service...
2025-11-19 13:19:01 - src.common.mariadb.database - INFO - database.py:140 - Database initialized successfully
2025-11-19 13:19:01 - src.utils.logger - INFO - lifecycle.py:47 - Database connection available
2025-11-19 13:19:01 - src.models.models - INFO - models.py:148 - YOLO backbone model loaded from /Users/goodsee/dongwon/models/yolo12n.pt
2025-11-19 13:19:01 - src.models.models - INFO - models.py:148 - YOLO trained model loaded from /Users/goodsee/dongwon/models/best.pt
2025-11-19 13:19:01 - src.utils.logger - INFO - lifecycle.py:54 - YOLO model loaded
2025-11-19 13:19:01 - src.utils.logger - INFO - lifecycle.py:72 - Using remote VLM server: http://114.110.133.13:60005
2025-11-19 13:19:01 - src.models.vlm_client - INFO - vlm_client.py:21 - VLM HTTP Client initialized: http://114.110.133.13:60005
2025-11-19 13:19:01 - src.utils.logger - INFO - lifecycle.py:76 - Checking VLM server connection...
2025-11-19 13:19:01 - src.models.vlm_client - INFO - vlm_client.py:39 - VLM server health check passed: {'status': 'ok', 'vlm_ready': True, 'service': 'VLM Model Server'}
2025-11-19 13:19:01 - src.utils.logger - INFO - lifecycle.py:79 - VLM server connection verified (remote server mode)
2025-11-19 13:19:01 - src.utils.logger - INFO - lifecycle.py:124 - GUI enabled via ENABLE_GUI=true
2025-11-19 13:19:01 - src.utils.logger - INFO - gui.py:56 - GUI process started (pid=5075)
2025-11-19 13:19:01 - src.utils.logger - INFO - lifecycle.py:130 - API endpoints ready: YOLO and VLM enabled
2025-11-19 13:19:03 - src.utils.request_logger - INFO - request_logger.py:132 - 127.0.0.1 | "GET /health" | 200 | 0.86ms
2025-11-19 13:19:59 - src.models.services - INFO - services.py:477 - Analysis type: object
2025-11-19 13:19:59 - src.models.services - INFO - services.py:482 - Object analysis: VLM=1, YOLO=0
2025-11-19 13:19:59 - src.models.services - INFO - services.py:520 - DB 2차 검증 시작: detected_item_name='new item', vlm_description='A black leather wallet with a gold logo held in someone's hand, partially obscuring their face', vlm_description_ko='누군가의 손에 들고 얼굴의 일부를 가린 금색 로고가 있는 검은색 가죽 지갑'
2025-11-19 13:19:59 - src.models.services - INFO - services.py:185 - VLM keywords extracted: EN=12 (['black', 'leather', 'wallet', 'gold', 'logo']), KO=12 (['누군가의', '손에', '들고', '얼굴의', '일부를']), search_keywords=['black', 'leather', 'wallet', 'gold', 'logo', '누군가의', '손에', '들고', '얼굴의', '일부를']
2025-11-19 13:19:59 - src.models.services - INFO - services.py:256 - Fetched 2 items matching keywords from database (direct DB access)
2025-11-19 13:19:59 - src.models.services - INFO - services.py:379 - Similar item found: 'wallet' (score=0.275, item_id=4)
2025-11-19 13:19:59 - src.models.services - INFO - services.py:379 - Similar item found: 'cell phone' (score=0.300, item_id=5)
2025-11-19 13:19:59 - src.models.services - INFO - services.py:400 - DB 2차 검증 완료: detected='new item', found 2 similar items (from 2 total items, 2 with description, 2 processed)
2025-11-19 13:19:59 - src.models.services - INFO - services.py:403 - Top similar items: cell phone(0.30), wallet(0.28)
2025-11-19 13:19:59 - src.models.services - INFO - services.py:535 - Found 2 similar items for 'new item'
2025-11-19 13:19:59 - src.utils.request_logger - INFO - request_logger.py:132 - 127.0.0.1 | "POST /analyze" | 200 | 4903.01ms
2025-11-19 13:22:18 - src.utils.logger - INFO - lifecycle.py:140 - Shutting down services
2025-11-19 13:22:18 - src.utils.logger - INFO - gui.py:71 - Stopping GUI process (pid=5075)
2025-11-19 13:22:18 - src.models.models - INFO - models.py:168 - Unloading YOLO models...
2025-11-19 13:22:18 - src.models.models - INFO - models.py:175 - YOLO backbone model unloaded
2025-11-19 13:22:18 - src.models.models - INFO - models.py:175 - YOLO trained model unloaded
2025-11-19 13:22:18 - src.models.models - INFO - models.py:178 - YOLO models unloaded
2025-11-19 13:22:18 - src.utils.logger - INFO - lifecycle.py:165 - Shutdown complete
2025-11-19 13:22:37 - src.utils.logger - INFO - logger.py:165 - 📝 Logging initialized - Retention: 7 days
2025-11-19 13:22:37 - src.utils.logger - INFO - logger.py:166 - 📂 INFO logs: logs/info
2025-11-19 13:22:37 - src.utils.logger - INFO - logger.py:167 - 📂 ERROR logs: logs/error
2025-11-19 13:22:37 - src.utils.logger - INFO - lifecycle.py:43 - Starting service...
2025-11-19 13:22:37 - src.common.mariadb.database - INFO - database.py:140 - Database initialized successfully
2025-11-19 13:22:37 - src.utils.logger - INFO - lifecycle.py:47 - Database connection available
2025-11-19 13:22:37 - src.models.models - INFO - models.py:148 - YOLO backbone model loaded from /Users/goodsee/dongwon/models/yolo12n.pt
2025-11-19 13:22:37 - src.models.models - INFO - models.py:148 - YOLO trained model loaded from /Users/goodsee/dongwon/models/best.pt
2025-11-19 13:22:37 - src.utils.logger - INFO - lifecycle.py:54 - YOLO model loaded
2025-11-19 13:22:37 - src.utils.logger - INFO - lifecycle.py:72 - Using remote VLM server: http://114.110.133.13:60005
2025-11-19 13:22:37 - src.models.vlm_client - INFO - vlm_client.py:21 - VLM HTTP Client initialized: http://114.110.133.13:60005
2025-11-19 13:22:37 - src.utils.logger - INFO - lifecycle.py:76 - Checking VLM server connection...
2025-11-19 13:22:37 - src.models.vlm_client - INFO - vlm_client.py:39 - VLM server health check passed: {'status': 'ok', 'vlm_ready': True, 'service': 'VLM Model Server'}
2025-11-19 13:22:37 - src.utils.logger - INFO - lifecycle.py:79 - VLM server connection verified (remote server mode)
2025-11-19 13:22:37 - src.utils.logger - INFO - lifecycle.py:124 - GUI enabled via ENABLE_GUI=true
2025-11-19 13:22:37 - src.utils.logger - INFO - gui.py:56 - GUI process started (pid=5174)
2025-11-19 13:22:37 - src.utils.logger - INFO - lifecycle.py:130 - API endpoints ready: YOLO and VLM enabled
2025-11-19 13:22:39 - src.utils.request_logger - INFO - request_logger.py:132 - 127.0.0.1 | "GET /health" | 200 | 0.79ms
2025-11-19 13:22:51 - src.utils.logger - INFO - lifecycle.py:140 - Shutting down services
2025-11-19 13:22:51 - src.utils.logger - INFO - gui.py:71 - Stopping GUI process (pid=5174)
2025-11-19 13:22:51 - src.models.models - INFO - models.py:168 - Unloading YOLO models...
2025-11-19 13:22:51 - src.models.models - INFO - models.py:175 - YOLO backbone model unloaded
2025-11-19 13:22:51 - src.models.models - INFO - models.py:175 - YOLO trained model unloaded
2025-11-19 13:22:51 - src.models.models - INFO - models.py:178 - YOLO models unloaded
2025-11-19 13:22:51 - src.utils.logger - INFO - lifecycle.py:165 - Shutdown complete
2025-11-19 13:22:58 - src.utils.logger - INFO - logger.py:165 - 📝 Logging initialized - Retention: 7 days
2025-11-19 13:22:58 - src.utils.logger - INFO - logger.py:166 - 📂 INFO logs: logs/info
2025-11-19 13:22:58 - src.utils.logger - INFO - logger.py:167 - 📂 ERROR logs: logs/error
2025-11-19 13:22:58 - src.utils.logger - INFO - lifecycle.py:43 - Starting service...
2025-11-19 13:22:58 - src.common.mariadb.database - INFO - database.py:140 - Database initialized successfully
2025-11-19 13:22:58 - src.utils.logger - INFO - lifecycle.py:47 - Database connection available
2025-11-19 13:22:58 - src.models.models - INFO - models.py:148 - YOLO backbone model loaded from /Users/goodsee/dongwon/models/yolo12n.pt
2025-11-19 13:22:58 - src.models.models - INFO - models.py:148 - YOLO trained model loaded from /Users/goodsee/dongwon/models/best.pt
2025-11-19 13:22:58 - src.utils.logger - INFO - lifecycle.py:54 - YOLO model loaded
2025-11-19 13:22:58 - src.utils.logger - INFO - lifecycle.py:72 - Using remote VLM server: http://114.110.133.13:60005
2025-11-19 13:22:58 - src.models.vlm_client - INFO - vlm_client.py:21 - VLM HTTP Client initialized: http://114.110.133.13:60005
2025-11-19 13:22:58 - src.utils.logger - INFO - lifecycle.py:76 - Checking VLM server connection...
2025-11-19 13:22:58 - src.models.vlm_client - INFO - vlm_client.py:39 - VLM server health check passed: {'status': 'ok', 'vlm_ready': True, 'service': 'VLM Model Server'}
2025-11-19 13:22:58 - src.utils.logger - INFO - lifecycle.py:79 - VLM server connection verified (remote server mode)
2025-11-19 13:22:58 - src.utils.logger - INFO - lifecycle.py:124 - GUI enabled via ENABLE_GUI=true
2025-11-19 13:22:58 - src.utils.logger - INFO - gui.py:56 - GUI process started (pid=5192)
2025-11-19 13:22:58 - src.utils.logger - INFO - lifecycle.py:130 - API endpoints ready: YOLO and VLM enabled
2025-11-19 13:23:00 - src.utils.request_logger - INFO - request_logger.py:132 - 127.0.0.1 | "GET /health" | 200 | 1.01ms
2025-11-19 13:23:21 - src.utils.logger - INFO - lifecycle.py:140 - Shutting down services
2025-11-19 13:23:21 - src.utils.logger - INFO - gui.py:71 - Stopping GUI process (pid=5192)
2025-11-19 13:23:22 - src.models.models - INFO - models.py:168 - Unloading YOLO models...
2025-11-19 13:23:22 - src.models.models - INFO - models.py:175 - YOLO backbone model unloaded
2025-11-19 13:23:22 - src.models.models - INFO - models.py:175 - YOLO trained model unloaded
2025-11-19 13:23:22 - src.models.models - INFO - models.py:178 - YOLO models unloaded
2025-11-19 13:23:22 - src.utils.logger - INFO - lifecycle.py:165 - Shutdown complete
2025-11-19 13:23:30 - src.utils.logger - INFO - logger.py:165 - 📝 Logging initialized - Retention: 7 days
2025-11-19 13:23:30 - src.utils.logger - INFO - logger.py:166 - 📂 INFO logs: logs/info
2025-11-19 13:23:30 - src.utils.logger - INFO - logger.py:167 - 📂 ERROR logs: logs/error
2025-11-19 13:23:30 - src.utils.logger - INFO - lifecycle.py:43 - Starting service...
2025-11-19 13:23:30 - src.common.mariadb.database - INFO - database.py:140 - Database initialized successfully
2025-11-19 13:23:30 - src.utils.logger - INFO - lifecycle.py:47 - Database connection available
2025-11-19 13:23:30 - src.models.models - INFO - models.py:148 - YOLO backbone model loaded from /Users/goodsee/dongwon/models/yolo12n.pt
2025-11-19 13:23:30 - src.models.models - INFO - models.py:148 - YOLO trained model loaded from /Users/goodsee/dongwon/models/best.pt
2025-11-19 13:23:30 - src.utils.logger - INFO - lifecycle.py:54 - YOLO model loaded
2025-11-19 13:23:30 - src.utils.logger - INFO - lifecycle.py:72 - Using remote VLM server: http://114.110.133.13:60005
2025-11-19 13:23:30 - src.models.vlm_client - INFO - vlm_client.py:21 - VLM HTTP Client initialized: http://114.110.133.13:60005
2025-11-19 13:23:30 - src.utils.logger - INFO - lifecycle.py:76 - Checking VLM server connection...
2025-11-19 13:23:30 - src.models.vlm_client - INFO - vlm_client.py:39 - VLM server health check passed: {'status': 'ok', 'vlm_ready': True, 'service': 'VLM Model Server'}
2025-11-19 13:23:30 - src.utils.logger - INFO - lifecycle.py:79 - VLM server connection verified (remote server mode)
2025-11-19 13:23:30 - src.utils.logger - INFO - lifecycle.py:124 - GUI enabled via ENABLE_GUI=true
2025-11-19 13:23:30 - src.utils.logger - INFO - gui.py:56 - GUI process started (pid=5214)
2025-11-19 13:23:30 - src.utils.logger - INFO - lifecycle.py:130 - API endpoints ready: YOLO and VLM enabled
2025-11-19 13:23:32 - src.utils.request_logger - INFO - request_logger.py:132 - 127.0.0.1 | "GET /health" | 200 | 1.14ms
2025-11-19 13:23:39 - src.utils.logger - INFO - lifecycle.py:140 - Shutting down services
2025-11-19 13:23:39 - src.utils.logger - INFO - gui.py:71 - Stopping GUI process (pid=5214)
2025-11-19 13:23:39 - src.models.models - INFO - models.py:168 - Unloading YOLO models...
2025-11-19 13:23:39 - src.models.models - INFO - models.py:175 - YOLO backbone model unloaded
2025-11-19 13:23:39 - src.models.models - INFO - models.py:175 - YOLO trained model unloaded
2025-11-19 13:23:39 - src.models.models - INFO - models.py:178 - YOLO models unloaded
2025-11-19 13:23:39 - src.utils.logger - INFO - lifecycle.py:165 - Shutdown complete
2025-11-19 13:23:46 - src.utils.logger - INFO - logger.py:165 - 📝 Logging initialized - Retention: 7 days
2025-11-19 13:23:46 - src.utils.logger - INFO - logger.py:166 - 📂 INFO logs: logs/info
2025-11-19 13:23:46 - src.utils.logger - INFO - logger.py:167 - 📂 ERROR logs: logs/error
2025-11-19 13:23:46 - src.utils.logger - INFO - lifecycle.py:43 - Starting service...
2025-11-19 13:23:46 - src.common.mariadb.database - INFO - database.py:140 - Database initialized successfully
2025-11-19 13:23:46 - src.utils.logger - INFO - lifecycle.py:47 - Database connection available
2025-11-19 13:23:46 - src.models.models - INFO - models.py:148 - YOLO backbone model loaded from /Users/goodsee/dongwon/models/yolo12n.pt
2025-11-19 13:23:46 - src.models.models - INFO - models.py:148 - YOLO trained model loaded from /Users/goodsee/dongwon/models/best.pt
2025-11-19 13:23:46 - src.utils.logger - INFO - lifecycle.py:54 - YOLO model loaded
2025-11-19 13:23:46 - src.utils.logger - INFO - lifecycle.py:72 - Using remote VLM server: http://114.110.133.13:60005
2025-11-19 13:23:46 - src.models.vlm_client - INFO - vlm_client.py:21 - VLM HTTP Client initialized: http://114.110.133.13:60005
2025-11-19 13:23:46 - src.utils.logger - INFO - lifecycle.py:76 - Checking VLM server connection...
2025-11-19 13:23:46 - src.models.vlm_client - INFO - vlm_client.py:39 - VLM server health check passed: {'status': 'ok', 'vlm_ready': True, 'service': 'VLM Model Server'}
2025-11-19 13:23:46 - src.utils.logger - INFO - lifecycle.py:79 - VLM server connection verified (remote server mode)
2025-11-19 13:23:46 - src.utils.logger - INFO - lifecycle.py:124 - GUI enabled via ENABLE_GUI=true
2025-11-19 13:23:46 - src.utils.logger - INFO - gui.py:56 - GUI process started (pid=5229)
2025-11-19 13:23:46 - src.utils.logger - INFO - lifecycle.py:130 - API endpoints ready: YOLO and VLM enabled
2025-11-19 13:23:48 - src.utils.request_logger - INFO - request_logger.py:132 - 127.0.0.1 | "GET /health" | 200 | 0.90ms
2025-11-19 13:23:49 - src.utils.logger - INFO - lifecycle.py:140 - Shutting down services
2025-11-19 13:23:49 - src.utils.logger - INFO - gui.py:71 - Stopping GUI process (pid=5229)
2025-11-19 13:23:49 - src.models.models - INFO - models.py:168 - Unloading YOLO models...
2025-11-19 13:23:49 - src.models.models - INFO - models.py:175 - YOLO backbone model unloaded
2025-11-19 13:23:49 - src.models.models - INFO - models.py:175 - YOLO trained model unloaded
2025-11-19 13:23:49 - src.models.models - INFO - models.py:178 - YOLO models unloaded
2025-11-19 13:23:49 - src.utils.logger - INFO - lifecycle.py:165 - Shutdown complete
2025-11-19 13:23:55 - src.utils.logger - INFO - logger.py:165 - 📝 Logging initialized - Retention: 7 days
2025-11-19 13:23:55 - src.utils.logger - INFO - logger.py:166 - 📂 INFO logs: logs/info
2025-11-19 13:23:55 - src.utils.logger - INFO - logger.py:167 - 📂 ERROR logs: logs/error
2025-11-19 13:23:55 - src.utils.logger - INFO - lifecycle.py:43 - Starting service...
2025-11-19 13:23:55 - src.common.mariadb.database - INFO - database.py:140 - Database initialized successfully
2025-11-19 13:23:55 - src.utils.logger - INFO - lifecycle.py:47 - Database connection available
2025-11-19 13:23:55 - src.models.models - INFO - models.py:148 - YOLO backbone model loaded from /Users/goodsee/dongwon/models/yolo12n.pt
2025-11-19 13:23:55 - src.models.models - INFO - models.py:148 - YOLO trained model loaded from /Users/goodsee/dongwon/models/best.pt
2025-11-19 13:23:55 - src.utils.logger - INFO - lifecycle.py:54 - YOLO model loaded
2025-11-19 13:23:55 - src.utils.logger - INFO - lifecycle.py:72 - Using remote VLM server: http://114.110.133.13:60005
2025-11-19 13:23:55 - src.models.vlm_client - INFO - vlm_client.py:21 - VLM HTTP Client initialized: http://114.110.133.13:60005
2025-11-19 13:23:55 - src.utils.logger - INFO - lifecycle.py:76 - Checking VLM server connection...
2025-11-19 13:23:55 - src.models.vlm_client - INFO - vlm_client.py:39 - VLM server health check passed: {'status': 'ok', 'vlm_ready': True, 'service': 'VLM Model Server'}
2025-11-19 13:23:55 - src.utils.logger - INFO - lifecycle.py:79 - VLM server connection verified (remote server mode)
2025-11-19 13:23:55 - src.utils.logger - INFO - lifecycle.py:124 - GUI enabled via ENABLE_GUI=true
2025-11-19 13:23:55 - src.utils.logger - INFO - gui.py:56 - GUI process started (pid=5252)
2025-11-19 13:23:55 - src.utils.logger - INFO - lifecycle.py:130 - API endpoints ready: YOLO and VLM enabled
2025-11-19 13:23:57 - src.utils.request_logger - INFO - request_logger.py:132 - 127.0.0.1 | "GET /health" | 200 | 0.94ms
2025-11-19 13:24:02 - src.utils.logger - INFO - lifecycle.py:140 - Shutting down services
2025-11-19 13:24:02 - src.utils.logger - INFO - gui.py:71 - Stopping GUI process (pid=5252)
2025-11-19 13:24:02 - src.models.models - INFO - models.py:168 - Unloading YOLO models...
2025-11-19 13:24:02 - src.models.models - INFO - models.py:175 - YOLO backbone model unloaded
2025-11-19 13:24:02 - src.models.models - INFO - models.py:175 - YOLO trained model unloaded
2025-11-19 13:24:02 - src.models.models - INFO - models.py:178 - YOLO models unloaded
2025-11-19 13:24:02 - src.utils.logger - INFO - lifecycle.py:165 - Shutdown complete
2025-11-19 13:24:09 - src.utils.logger - INFO - logger.py:165 - 📝 Logging initialized - Retention: 7 days
2025-11-19 13:24:09 - src.utils.logger - INFO - logger.py:166 - 📂 INFO logs: logs/info
2025-11-19 13:24:09 - src.utils.logger - INFO - logger.py:167 - 📂 ERROR logs: logs/error
2025-11-19 13:24:09 - src.utils.logger - INFO - lifecycle.py:43 - Starting service...
2025-11-19 13:24:09 - src.common.mariadb.database - INFO - database.py:140 - Database initialized successfully
2025-11-19 13:24:09 - src.utils.logger - INFO - lifecycle.py:47 - Database connection available
2025-11-19 13:24:09 - src.models.models - INFO - models.py:148 - YOLO backbone model loaded from /Users/goodsee/dongwon/models/yolo12n.pt
2025-11-19 13:24:09 - src.models.models - INFO - models.py:148 - YOLO trained model loaded from /Users/goodsee/dongwon/models/best.pt
2025-11-19 13:24:09 - src.utils.logger - INFO - lifecycle.py:54 - YOLO model loaded
2025-11-19 13:24:09 - src.utils.logger - INFO - lifecycle.py:72 - Using remote VLM server: http://114.110.133.13:60005
2025-11-19 13:24:09 - src.models.vlm_client - INFO - vlm_client.py:21 - VLM HTTP Client initialized: http://114.110.133.13:60005
2025-11-19 13:24:09 - src.utils.logger - INFO - lifecycle.py:76 - Checking VLM server connection...
2025-11-19 13:24:09 - src.models.vlm_client - INFO - vlm_client.py:39 - VLM server health check passed: {'status': 'ok', 'vlm_ready': True, 'service': 'VLM Model Server'}
2025-11-19 13:24:09 - src.utils.logger - INFO - lifecycle.py:79 - VLM server connection verified (remote server mode)
2025-11-19 13:24:09 - src.utils.logger - INFO - lifecycle.py:124 - GUI enabled via ENABLE_GUI=true
2025-11-19 13:24:09 - src.utils.logger - INFO - gui.py:56 - GUI process started (pid=5274)
2025-11-19 13:24:09 - src.utils.logger - INFO - lifecycle.py:130 - API endpoints ready: YOLO and VLM enabled
2025-11-19 13:24:11 - src.utils.request_logger - INFO - request_logger.py:132 - 127.0.0.1 | "GET /health" | 200 | 0.74ms
2025-11-19 13:24:31 - src.models.services - INFO - services.py:477 - Analysis type: object
2025-11-19 13:24:31 - src.models.services - INFO - services.py:482 - Object analysis: VLM=1, YOLO=0
2025-11-19 13:24:31 - src.models.services - INFO - services.py:520 - DB 2차 검증 시작: detected_item_name='new item', vlm_description='A person holding a smartphone in an office setting', vlm_description_ko='사무실 환경에서 스마트폰을 들고 있는 사람'
2025-11-19 13:24:31 - src.models.services - INFO - services.py:185 - VLM keywords extracted: EN=5 (['person', 'holding', 'smartphone', 'office', 'setting']), KO=6 (['사무실', '환경에서', '스마트폰을', '들고', '있는']), search_keywords=['person', 'holding', 'smartphone', 'office', 'setting', '사무실', '환경에서', '스마트폰을', '들고', '있는']
2025-11-19 13:24:31 - src.models.services - INFO - services.py:256 - Fetched 1 items matching keywords from database (direct DB access)
2025-11-19 13:24:31 - src.models.services - INFO - services.py:379 - Similar item found: 'cell phone' (score=0.304, item_id=5)
2025-11-19 13:24:31 - src.models.services - INFO - services.py:400 - DB 2차 검증 완료: detected='new item', found 1 similar items (from 1 total items, 1 with description, 1 processed)
2025-11-19 13:24:31 - src.models.services - INFO - services.py:403 - Top similar items: cell phone(0.30)
2025-11-19 13:24:31 - src.models.services - INFO - services.py:535 - Found 1 similar items for 'new item'
2025-11-19 13:24:31 - src.utils.request_logger - INFO - request_logger.py:132 - 127.0.0.1 | "POST /analyze" | 200 | 3812.08ms
2025-11-19 13:24:36 - src.api.web.item.item - INFO - item.py:177 - Item list requested: user=anonymous, page=1, page_size=100, search=new item
2025-11-19 13:24:36 - src.api.web.item.item_service - INFO - item_service.py:167 - 품목 목록 조회: total=1, page=1, page_size=100, returned=1, search='new item'
2025-11-19 13:24:36 - src.utils.request_logger - INFO - request_logger.py:132 - 127.0.0.1 | "GET /api/web/item/" | 200 | 9.88ms | query={"page": "1", "page_size": "100", "search": "new item"}
2025-11-19 13:24:36 - src.api.web.item.item - INFO - item.py:125 - Item detail requested: user=anonymous, item_id=2
2025-11-19 13:24:36 - src.api.web.item.item_service - INFO - item_service.py:79 - 품목 조회: item_id=2, itemName=new item
2025-11-19 13:24:36 - src.utils.request_logger - INFO - request_logger.py:132 - 127.0.0.1 | "GET /api/web/item/2" | 200 | 5.27ms
2025-11-19 13:24:36 - src.api.web.detection.detection - INFO - detection.py:114 - Detection upload requested: user=anonymous, item_id=2, status=TRUE, item_count=1
2025-11-19 13:24:36 - src.api.web.detection.detection - INFO - detection.py:196 - Detection image stored at uploads/detection/2025-11-19/e33836d9-e3b2-416e-aebe-f72c97f802a0.jpg
2025-11-19 13:24:36 - src.api.web.detection.detection_service - INFO - detection_service.py:70 - Detection result created: id=75, item_id=2, status=TRUE
2025-11-19 13:24:36 - src.utils.request_logger - INFO - request_logger.py:132 - 127.0.0.1 | "POST /api/web/detection/upload-image" | 201 | 13.31ms
2025-11-19 13:24:42 - src.models.services - INFO - services.py:477 - Analysis type: object
2025-11-19 13:24:42 - src.models.services - INFO - services.py:482 - Object analysis: VLM=1, YOLO=0
2025-11-19 13:24:42 - src.models.services - INFO - services.py:520 - DB 2차 검증 시작: detected_item_name='new item', vlm_description='A person sitting in an office environment with multiple computer monitors and desks around them', vlm_description_ko='여러 컴퓨터 모니터와 책상이 주변에 있는 사무실 환경에 앉아 있는 사람'
2025-11-19 13:24:42 - src.models.services - INFO - services.py:185 - VLM keywords extracted: EN=10 (['person', 'sitting', 'office', 'environment', 'multiple']), KO=11 (['여러', '컴퓨터', '모니터와', '책상이', '주변에']), search_keywords=['person', 'sitting', 'office', 'environment', 'multiple', '여러', '컴퓨터', '모니터와', '책상이', '주변에']
2025-11-19 13:24:42 - src.models.services - INFO - services.py:256 - Fetched 0 items matching keywords from database (direct DB access)
2025-11-19 13:24:42 - src.models.services - INFO - services.py:535 - Found 0 similar items for 'new item'
2025-11-19 13:24:42 - src.utils.request_logger - INFO - request_logger.py:132 - 127.0.0.1 | "POST /analyze" | 200 | 4853.43ms
2025-11-19 13:24:44 - src.api.web.item.item - INFO - item.py:177 - Item list requested: user=anonymous, page=1, page_size=100, search=new item
2025-11-19 13:24:44 - src.api.web.item.item_service - INFO - item_service.py:167 - 품목 목록 조회: total=1, page=1, page_size=100, returned=1, search='new item'
2025-11-19 13:24:44 - src.utils.request_logger - INFO - request_logger.py:132 - 127.0.0.1 | "GET /api/web/item/" | 200 | 127.46ms | query={"page": "1", "page_size": "100", "search": "new item"}
2025-11-19 13:24:44 - src.api.web.item.item - INFO - item.py:125 - Item detail requested: user=anonymous, item_id=2
2025-11-19 13:24:44 - src.api.web.item.item_service - INFO - item_service.py:79 - 품목 조회: item_id=2, itemName=new item
2025-11-19 13:24:44 - src.utils.request_logger - INFO - request_logger.py:132 - 127.0.0.1 | "GET /api/web/item/2" | 200 | 4.72ms
2025-11-19 13:24:44 - src.api.web.detection.detection - INFO - detection.py:114 - Detection upload requested: user=anonymous, item_id=2, status=FALSE, item_count=1
2025-11-19 13:24:44 - src.api.web.detection.detection - INFO - detection.py:196 - Detection image stored at uploads/detection/2025-11-19/d5bf6f7d-5e98-400d-843c-298f75b36539.jpg
2025-11-19 13:24:44 - src.api.web.detection.detection_service - INFO - detection_service.py:70 - Detection result created: id=76, item_id=2, status=FALSE
2025-11-19 13:24:44 - src.utils.request_logger - INFO - request_logger.py:132 - 127.0.0.1 | "POST /api/web/detection/upload-image" | 201 | 8.99ms
2025-11-19 13:25:02 - src.models.services - INFO - services.py:477 - Analysis type: object
2025-11-19 13:25:02 - src.models.services - INFO - services.py:482 - Object analysis: VLM=1, YOLO=0
2025-11-19 13:25:02 - src.models.services - INFO - services.py:520 - DB 2차 검증 시작: detected_item_name='new item', vlm_description='A person holding up a black wallet in an office setting', vlm_description_ko='사무실에서 검은색 지갑을 들고 있는 사람'
2025-11-19 13:25:02 - src.models.services - INFO - services.py:185 - VLM keywords extracted: EN=6 (['person', 'holding', 'black', 'wallet', 'office']), KO=6 (['사무실에서', '검은색', '지갑을', '들고', '있는']), search_keywords=['person', 'holding', 'black', 'wallet', 'office', '사무실에서', '검은색', '지갑을', '들고', '있는']
2025-11-19 13:25:02 - src.models.services - INFO - services.py:256 - Fetched 2 items matching keywords from database (direct DB access)
2025-11-19 13:25:02 - src.models.services - INFO - services.py:379 - Similar item found: 'wallet' (score=0.350, item_id=4)
2025-11-19 13:25:02 - src.models.services - INFO - services.py:379 - Similar item found: 'cell phone' (score=0.283, item_id=5)
2025-11-19 13:25:02 - src.models.services - INFO - services.py:400 - DB 2차 검증 완료: detected='new item', found 2 similar items (from 2 total items, 2 with description, 2 processed)
2025-11-19 13:25:02 - src.models.services - INFO - services.py:403 - Top similar items: wallet(0.35), cell phone(0.28)
2025-11-19 13:25:02 - src.models.services - INFO - services.py:535 - Found 2 similar items for 'new item'
2025-11-19 13:25:02 - src.utils.request_logger - INFO - request_logger.py:132 - 127.0.0.1 | "POST /analyze" | 200 | 3996.07ms
2025-11-19 13:25:11 - src.api.web.item.item - INFO - item.py:177 - Item list requested: user=anonymous, page=1, page_size=100, search=new item
2025-11-19 13:25:11 - src.api.web.item.item_service - INFO - item_service.py:167 - 품목 목록 조회: total=1, page=1, page_size=100, returned=1, search='new item'
2025-11-19 13:25:11 - src.utils.request_logger - INFO - request_logger.py:132 - 127.0.0.1 | "GET /api/web/item/" | 200 | 10.69ms | query={"page": "1", "page_size": "100", "search": "new item"}
2025-11-19 13:25:11 - src.api.web.item.item - INFO - item.py:125 - Item detail requested: user=anonymous, item_id=2
2025-11-19 13:25:11 - src.api.web.item.item_service - INFO - item_service.py:79 - 품목 조회: item_id=2, itemName=new item
2025-11-19 13:25:11 - src.utils.request_logger - INFO - request_logger.py:132 - 127.0.0.1 | "GET /api/web/item/2" | 200 | 7.03ms
2025-11-19 13:25:11 - src.api.web.detection.detection - INFO - detection.py:114 - Detection upload requested: user=anonymous, item_id=2, status=FALSE, item_count=1
2025-11-19 13:25:11 - src.api.web.detection.detection - INFO - detection.py:196 - Detection image stored at uploads/detection/2025-11-19/8d8816ef-03cf-40e3-927e-4313e5f505f8.jpg
2025-11-19 13:25:11 - src.api.web.detection.detection_service - INFO - detection_service.py:70 - Detection result created: id=77, item_id=2, status=FALSE
2025-11-19 13:25:11 - src.utils.request_logger - INFO - request_logger.py:132 - 127.0.0.1 | "POST /api/web/detection/upload-image" | 201 | 10.01ms
2025-11-19 13:25:16 - src.models.services - INFO - services.py:477 - Analysis type: object
2025-11-19 13:25:16 - src.models.services - INFO - services.py:482 - Object analysis: VLM=1, YOLO=0
2025-11-19 13:25:16 - src.models.services - INFO - services.py:520 - DB 2차 검증 시작: detected_item_name='new item', vlm_description='A person sitting at a desk in an office environment with multiple computer monitors displaying code ', vlm_description_ko='코드나 스프레드시트를 표시하는 여러 대의 컴퓨터 모니터가 있는 사무실 환경의 책상에 앉아 있는 사람.'
2025-11-19 13:25:16 - src.models.services - INFO - services.py:185 - VLM keywords extracted: EN=11 (['person', 'sitting', 'desk', 'office', 'environment']), KO=14 (['코드나', '스프레드시트를', '표시하는', '여러', '대의']), search_keywords=['person', 'sitting', 'desk', 'office', 'environment', '코드나', '스프레드시트를', '표시하는', '여러', '대의']
2025-11-19 13:25:16 - src.models.services - INFO - services.py:256 - Fetched 0 items matching keywords from database (direct DB access)
2025-11-19 13:25:16 - src.models.services - INFO - services.py:535 - Found 0 similar items for 'new item'
2025-11-19 13:25:16 - src.utils.request_logger - INFO - request_logger.py:132 - 127.0.0.1 | "POST /analyze" | 200 | 5102.48ms
2025-11-19 13:25:19 - src.api.web.item.item - INFO - item.py:177 - Item list requested: user=anonymous, page=1, page_size=100, search=new item
2025-11-19 13:25:19 - src.api.web.item.item_service - INFO - item_service.py:167 - 품목 목록 조회: total=1, page=1, page_size=100, returned=1, search='new item'
2025-11-19 13:25:19 - src.utils.request_logger - INFO - request_logger.py:132 - 127.0.0.1 | "GET /api/web/item/" | 200 | 6.82ms | query={"page": "1", "page_size": "100", "search": "new item"}
2025-11-19 13:25:19 - src.api.web.item.item - INFO - item.py:125 - Item detail requested: user=anonymous, item_id=2
2025-11-19 13:25:19 - src.api.web.item.item_service - INFO - item_service.py:79 - 품목 조회: item_id=2, itemName=new item
2025-11-19 13:25:19 - src.utils.request_logger - INFO - request_logger.py:132 - 127.0.0.1 | "GET /api/web/item/2" | 200 | 4.67ms
2025-11-19 13:25:19 - src.api.web.detection.detection - INFO - detection.py:114 - Detection upload requested: user=anonymous, item_id=2, status=FALSE, item_count=1
2025-11-19 13:25:19 - src.api.web.detection.detection - INFO - detection.py:196 - Detection image stored at uploads/detection/2025-11-19/615b2cf3-4ee2-4d3a-b202-1efd8ee5e2b1.jpg
2025-11-19 13:25:19 - src.api.web.detection.detection_service - INFO - detection_service.py:70 - Detection result created: id=78, item_id=2, status=FALSE
2025-11-19 13:25:19 - src.utils.request_logger - INFO - request_logger.py:132 - 127.0.0.1 | "POST /api/web/detection/upload-image" | 201 | 8.33ms
2025-11-19 13:25:24 - src.models.services - INFO - services.py:477 - Analysis type: object
2025-11-19 13:25:24 - src.models.services - INFO - services.py:482 - Object analysis: VLM=1, YOLO=0
2025-11-19 13:25:24 - src.models.services - INFO - services.py:520 - DB 2차 검증 시작: detected_item_name='new item', vlm_description='A person wearing glasses and a dark coat, sitting at a desk with multiple computer monitors in an of', vlm_description_ko='안경을 쓰고 어두운 코트를 입은 사람이 사무실 환경에서 여러 대의 컴퓨터 모니터가 있는 책상에 앉아 있습니다.'
2025-11-19 13:25:24 - src.models.services - INFO - services.py:185 - VLM keywords extracted: EN=12 (['person', 'wearing', 'glasses', 'dark', 'coat']), KO=16 (['안경을', '쓰고', '어두운', '코트를', '입은']), search_keywords=['person', 'wearing', 'glasses', 'dark', 'coat', '안경을', '쓰고', '어두운', '코트를', '입은']
2025-11-19 13:25:24 - src.models.services - INFO - services.py:256 - Fetched 0 items matching keywords from database (direct DB access)
2025-11-19 13:25:24 - src.models.services - INFO - services.py:535 - Found 0 similar items for 'new item'
2025-11-19 13:25:24 - src.utils.request_logger - INFO - request_logger.py:132 - 127.0.0.1 | "POST /analyze" | 200 | 5019.96ms
2025-11-19 13:25:28 - src.api.web.item.item - INFO - item.py:177 - Item list requested: user=anonymous, page=1, page_size=100, search=new item
2025-11-19 13:25:28 - src.api.web.item.item_service - INFO - item_service.py:167 - 품목 목록 조회: total=1, page=1, page_size=100, returned=1, search='new item'
2025-11-19 13:25:28 - src.utils.request_logger - INFO - request_logger.py:132 - 127.0.0.1 | "GET /api/web/item/" | 200 | 5.44ms | query={"page": "1", "page_size": "100", "search": "new item"}
2025-11-19 13:25:28 - src.api.web.item.item - INFO - item.py:125 - Item detail requested: user=anonymous, item_id=2
2025-11-19 13:25:28 - src.api.web.item.item_service - INFO - item_service.py:79 - 품목 조회: item_id=2, itemName=new item
2025-11-19 13:25:28 - src.utils.request_logger - INFO - request_logger.py:132 - 127.0.0.1 | "GET /api/web/item/2" | 200 | 3.97ms
2025-11-19 13:25:28 - src.api.web.detection.detection - INFO - detection.py:114 - Detection upload requested: user=anonymous, item_id=2, status=FALSE, item_count=1
2025-11-19 13:25:28 - src.api.web.detection.detection - INFO - detection.py:196 - Detection image stored at uploads/detection/2025-11-19/d061876b-9ea6-4760-9886-abcb3f0de0ec.jpg
2025-11-19 13:25:28 - src.api.web.detection.detection_service - INFO - detection_service.py:70 - Detection result created: id=79, item_id=2, status=FALSE
2025-11-19 13:25:28 - src.utils.request_logger - INFO - request_logger.py:132 - 127.0.0.1 | "POST /api/web/detection/upload-image" | 201 | 7.83ms
2025-11-19 13:26:00 - src.models.services - INFO - services.py:477 - Analysis type: object
2025-11-19 13:26:00 - src.models.services - INFO - services.py:482 - Object analysis: VLM=1, YOLO=0
2025-11-19 13:26:00 - src.models.services - INFO - services.py:520 - DB 2차 검증 시작: detected_item_name='new item', vlm_description='A person holding a black leather wallet in front of their face in an office setting', vlm_description_ko='사무실에서 검은색 가죽 지갑을 얼굴 앞에 들고 있는 사람'
2025-11-19 13:26:00 - src.models.services - INFO - services.py:185 - VLM keywords extracted: EN=10 (['person', 'holding', 'black', 'leather', 'wallet']), KO=9 (['사무실에서', '검은색', '가죽', '지갑을', '얼굴']), search_keywords=['person', 'holding', 'black', 'leather', 'wallet', '사무실에서', '검은색', '가죽', '지갑을', '얼굴']
2025-11-19 13:26:00 - src.models.services - INFO - services.py:256 - Fetched 2 items matching keywords from database (direct DB access)
2025-11-19 13:26:00 - src.models.services - INFO - services.py:379 - Similar item found: 'wallet' (score=0.293, item_id=4)
2025-11-19 13:26:00 - src.models.services - INFO - services.py:379 - Similar item found: 'cell phone' (score=0.255, item_id=5)
2025-11-19 13:26:00 - src.models.services - INFO - services.py:400 - DB 2차 검증 완료: detected='new item', found 2 similar items (from 2 total items, 2 with description, 2 processed)
2025-11-19 13:26:00 - src.models.services - INFO - services.py:403 - Top similar items: wallet(0.29), cell phone(0.26)
2025-11-19 13:26:00 - src.models.services - INFO - services.py:535 - Found 2 similar items for 'new item'
2025-11-19 13:26:00 - src.utils.request_logger - INFO - request_logger.py:132 - 127.0.0.1 | "POST /analyze" | 200 | 4967.00ms
2025-11-19 13:26:10 - src.api.web.item.item - INFO - item.py:177 - Item list requested: user=anonymous, page=1, page_size=100, search=new item
2025-11-19 13:26:10 - src.api.web.item.item_service - INFO - item_service.py:167 - 품목 목록 조회: total=1, page=1, page_size=100, returned=1, search='new item'
2025-11-19 13:26:10 - src.utils.request_logger - INFO - request_logger.py:132 - 127.0.0.1 | "GET /api/web/item/" | 200 | 11.32ms | query={"page": "1", "page_size": "100", "search": "new item"}
2025-11-19 13:26:10 - src.api.web.item.item - INFO - item.py:125 - Item detail requested: user=anonymous, item_id=2
2025-11-19 13:26:10 - src.api.web.item.item_service - INFO - item_service.py:79 - 품목 조회: item_id=2, itemName=new item
2025-11-19 13:26:10 - src.utils.request_logger - INFO - request_logger.py:132 - 127.0.0.1 | "GET /api/web/item/2" | 200 | 5.48ms
2025-11-19 13:26:10 - src.api.web.detection.detection - INFO - detection.py:114 - Detection upload requested: user=anonymous, item_id=2, status=FALSE, item_count=1
2025-11-19 13:26:10 - src.api.web.detection.detection - INFO - detection.py:196 - Detection image stored at uploads/detection/2025-11-19/3edd057c-cd39-4cf1-81b2-07c75da250a8.jpg
2025-11-19 13:26:10 - src.api.web.detection.detection_service - INFO - detection_service.py:70 - Detection result created: id=80, item_id=2, status=FALSE
2025-11-19 13:26:10 - src.utils.request_logger - INFO - request_logger.py:132 - 127.0.0.1 | "POST /api/web/detection/upload-image" | 201 | 9.31ms
2025-11-19 13:26:13 - src.models.services - INFO - services.py:477 - Analysis type: object
2025-11-19 13:26:13 - src.models.services - INFO - services.py:482 - Object analysis: VLM=0, YOLO=0
2025-11-19 13:26:13 - src.models.services - INFO - services.py:520 - DB 2차 검증 시작: detected_item_name='new item', vlm_description='empty', vlm_description_ko='empty'
2025-11-19 13:26:13 - src.models.services - WARNING - services.py:537 - DB 2차 검증 스킵: vlm_description=False, vlm_description_ko=False
2025-11-19 13:26:13 - src.utils.request_logger - INFO - request_logger.py:132 - 127.0.0.1 | "POST /analyze" | 200 | 3084.07ms
2025-11-19 13:26:15 - src.api.web.item.item - INFO - item.py:177 - Item list requested: user=anonymous, page=1, page_size=100, search=new item
2025-11-19 13:26:15 - src.api.web.item.item_service - INFO - item_service.py:167 - 품목 목록 조회: total=1, page=1, page_size=100, returned=1, search='new item'
2025-11-19 13:26:15 - src.utils.request_logger - INFO - request_logger.py:132 - 127.0.0.1 | "GET /api/web/item/" | 200 | 5.71ms | query={"page": "1", "page_size": "100", "search": "new item"}
2025-11-19 13:26:21 - src.models.services - INFO - services.py:477 - Analysis type: object
2025-11-19 13:26:21 - src.models.services - INFO - services.py:482 - Object analysis: VLM=1, YOLO=0
2025-11-19 13:26:21 - src.models.services - INFO - services.py:520 - DB 2차 검증 시작: detected_item_name='new item', vlm_description='A person wearing glasses and a gray jacket sitting at a desk in an office environment with multiple ', vlm_description_ko='여러 대의 컴퓨터 모니터와 기타 사무 장비가 보이는 사무실 환경에서 안경과 회색 재킷을 입은 사람이 책상에 앉아 있습니다.'
2025-11-19 13:26:21 - src.models.services - INFO - services.py:185 - VLM keywords extracted: EN=16 (['person', 'wearing', 'glasses', 'gray', 'jacket']), KO=18 (['여러', '대의', '컴퓨터', '모니터와', '기타']), search_keywords=['person', 'wearing', 'glasses', 'gray', 'jacket', '여러', '대의', '컴퓨터', '모니터와', '기타']
2025-11-19 13:26:21 - src.models.services - INFO - services.py:256 - Fetched 0 items matching keywords from database (direct DB access)
2025-11-19 13:26:21 - src.models.services - INFO - services.py:535 - Found 0 similar items for 'new item'
2025-11-19 13:26:21 - src.utils.request_logger - INFO - request_logger.py:132 - 127.0.0.1 | "POST /analyze" | 200 | 5883.25ms
2025-11-19 13:26:24 - src.api.web.item.item - INFO - item.py:177 - Item list requested: user=anonymous, page=1, page_size=100, search=new item
2025-11-19 13:26:24 - src.api.web.item.item_service - INFO - item_service.py:167 - 품목 목록 조회: total=1, page=1, page_size=100, returned=1, search='new item'
2025-11-19 13:26:24 - src.utils.request_logger - INFO - request_logger.py:132 - 127.0.0.1 | "GET /api/web/item/" | 200 | 5.93ms | query={"page": "1", "page_size": "100", "search": "new item"}
2025-11-19 13:26:24 - src.api.web.item.item - INFO - item.py:125 - Item detail requested: user=anonymous, item_id=2
2025-11-19 13:26:24 - src.api.web.item.item_service - INFO - item_service.py:79 - 품목 조회: item_id=2, itemName=new item
2025-11-19 13:26:24 - src.utils.request_logger - INFO - request_logger.py:132 - 127.0.0.1 | "GET /api/web/item/2" | 200 | 4.09ms
2025-11-19 13:26:24 - src.api.web.detection.detection - INFO - detection.py:114 - Detection upload requested: user=anonymous, item_id=2, status=FALSE, item_count=1
2025-11-19 13:26:24 - src.api.web.detection.detection - INFO - detection.py:196 - Detection image stored at uploads/detection/2025-11-19/21407138-3e8e-4a7e-ac24-25fbdf9317d7.jpg
2025-11-19 13:26:24 - src.api.web.detection.detection_service - INFO - detection_service.py:70 - Detection result created: id=81, item_id=2, status=FALSE
2025-11-19 13:26:24 - src.utils.request_logger - INFO - request_logger.py:132 - 127.0.0.1 | "POST /api/web/detection/upload-image" | 201 | 8.19ms
2025-11-19 13:27:21 - src.utils.logger - INFO - lifecycle.py:140 - Shutting down services
2025-11-19 13:27:21 - src.utils.logger - INFO - gui.py:71 - Stopping GUI process (pid=5274)
2025-11-19 13:27:21 - src.models.models - INFO - models.py:168 - Unloading YOLO models...
2025-11-19 13:27:21 - src.models.models - INFO - models.py:175 - YOLO backbone model unloaded
2025-11-19 13:27:21 - src.models.models - INFO - models.py:175 - YOLO trained model unloaded
2025-11-19 13:27:21 - src.models.models - INFO - models.py:178 - YOLO models unloaded
2025-11-19 13:27:21 - src.utils.logger - INFO - lifecycle.py:165 - Shutdown complete
2025-11-19 13:27:32 - src.utils.logger - INFO - logger.py:165 - 📝 Logging initialized - Retention: 7 days
2025-11-19 13:27:32 - src.utils.logger - INFO - logger.py:166 - 📂 INFO logs: logs/info
2025-11-19 13:27:32 - src.utils.logger - INFO - logger.py:167 - 📂 ERROR logs: logs/error
2025-11-19 13:27:32 - src.utils.logger - INFO - lifecycle.py:43 - Starting service...
2025-11-19 13:27:32 - src.common.mariadb.database - INFO - database.py:140 - Database initialized successfully
2025-11-19 13:27:32 - src.utils.logger - INFO - lifecycle.py:47 - Database connection available
2025-11-19 13:27:32 - src.models.models - INFO - models.py:148 - YOLO backbone model loaded from /Users/goodsee/dongwon/models/yolo12n.pt
2025-11-19 13:27:32 - src.models.models - INFO - models.py:148 - YOLO trained model loaded from /Users/goodsee/dongwon/models/best.pt
2025-11-19 13:27:32 - src.utils.logger - INFO - lifecycle.py:54 - YOLO model loaded
2025-11-19 13:27:32 - src.utils.logger - INFO - lifecycle.py:72 - Using remote VLM server: http://114.110.133.13:60005
2025-11-19 13:27:32 - src.models.vlm_client - INFO - vlm_client.py:21 - VLM HTTP Client initialized: http://114.110.133.13:60005
2025-11-19 13:27:32 - src.utils.logger - INFO - lifecycle.py:76 - Checking VLM server connection...
2025-11-19 13:27:32 - src.models.vlm_client - INFO - vlm_client.py:39 - VLM server health check passed: {'status': 'ok', 'vlm_ready': True, 'service': 'VLM Model Server'}
2025-11-19 13:27:32 - src.utils.logger - INFO - lifecycle.py:79 - VLM server connection verified (remote server mode)
2025-11-19 13:27:32 - src.utils.logger - INFO - lifecycle.py:124 - GUI enabled via ENABLE_GUI=true
2025-11-19 13:27:32 - src.utils.logger - INFO - gui.py:56 - GUI process started (pid=5366)
2025-11-19 13:27:32 - src.utils.logger - INFO - lifecycle.py:130 - API endpoints ready: YOLO and VLM enabled
2025-11-19 13:27:34 - src.utils.request_logger - INFO - request_logger.py:132 - 127.0.0.1 | "GET /health" | 200 | 0.84ms
2025-11-19 13:27:43 - src.utils.logger - INFO - lifecycle.py:140 - Shutting down services
2025-11-19 13:27:43 - src.models.models - INFO - models.py:168 - Unloading YOLO models...
2025-11-19 13:27:43 - src.models.models - INFO - models.py:175 - YOLO backbone model unloaded
2025-11-19 13:27:43 - src.models.models - INFO - models.py:175 - YOLO trained model unloaded
2025-11-19 13:27:43 - src.models.models - INFO - models.py:178 - YOLO models unloaded
2025-11-19 13:27:43 - src.utils.logger - INFO - lifecycle.py:165 - Shutdown complete
2025-11-19 13:27:49 - src.utils.logger - INFO - logger.py:165 - 📝 Logging initialized - Retention: 7 days
2025-11-19 13:27:49 - src.utils.logger - INFO - logger.py:166 - 📂 INFO logs: logs/info
2025-11-19 13:27:49 - src.utils.logger - INFO - logger.py:167 - 📂 ERROR logs: logs/error
2025-11-19 13:27:49 - src.utils.logger - INFO - lifecycle.py:43 - Starting service...
2025-11-19 13:27:49 - src.common.mariadb.database - INFO - database.py:140 - Database initialized successfully
2025-11-19 13:27:49 - src.utils.logger - INFO - lifecycle.py:47 - Database connection available
2025-11-19 13:27:49 - src.models.models - INFO - models.py:148 - YOLO backbone model loaded from /Users/goodsee/dongwon/models/yolo12n.pt
2025-11-19 13:27:49 - src.models.models - INFO - models.py:148 - YOLO trained model loaded from /Users/goodsee/dongwon/models/best.pt
2025-11-19 13:27:49 - src.utils.logger - INFO - lifecycle.py:54 - YOLO model loaded
2025-11-19 13:27:49 - src.utils.logger - INFO - lifecycle.py:72 - Using remote VLM server: http://114.110.133.13:60005
2025-11-19 13:27:49 - src.models.vlm_client - INFO - vlm_client.py:21 - VLM HTTP Client initialized: http://114.110.133.13:60005
2025-11-19 13:27:49 - src.utils.logger - INFO - lifecycle.py:76 - Checking VLM server connection...
2025-11-19 13:27:49 - src.models.vlm_client - INFO - vlm_client.py:39 - VLM server health check passed: {'status': 'ok', 'vlm_ready': True, 'service': 'VLM Model Server'}
2025-11-19 13:27:49 - src.utils.logger - INFO - lifecycle.py:79 - VLM server connection verified (remote server mode)
2025-11-19 13:27:49 - src.utils.logger - INFO - lifecycle.py:124 - GUI enabled via ENABLE_GUI=true
2025-11-19 13:27:49 - src.utils.logger - INFO - gui.py:56 - GUI process started (pid=5380)
2025-11-19 13:27:49 - src.utils.logger - INFO - lifecycle.py:130 - API endpoints ready: YOLO and VLM enabled
2025-11-19 13:27:51 - src.utils.request_logger - INFO - request_logger.py:132 - 127.0.0.1 | "GET /health" | 200 | 0.82ms
2025-11-19 13:27:55 - src.utils.logger - INFO - lifecycle.py:140 - Shutting down services
2025-11-19 13:27:55 - src.utils.logger - INFO - gui.py:71 - Stopping GUI process (pid=5380)
2025-11-19 13:27:55 - src.models.models - INFO - models.py:168 - Unloading YOLO models...
2025-11-19 13:27:55 - src.models.models - INFO - models.py:175 - YOLO backbone model unloaded
2025-11-19 13:27:55 - src.models.models - INFO - models.py:175 - YOLO trained model unloaded
2025-11-19 13:27:55 - src.models.models - INFO - models.py:178 - YOLO models unloaded
2025-11-19 13:27:55 - src.utils.logger - INFO - lifecycle.py:165 - Shutdown complete
2025-11-19 13:28:02 - src.utils.logger - INFO - logger.py:165 - 📝 Logging initialized - Retention: 7 days
2025-11-19 13:28:02 - src.utils.logger - INFO - logger.py:166 - 📂 INFO logs: logs/info
2025-11-19 13:28:02 - src.utils.logger - INFO - logger.py:167 - 📂 ERROR logs: logs/error
2025-11-19 13:28:02 - src.utils.logger - INFO - lifecycle.py:43 - Starting service...
2025-11-19 13:28:02 - src.common.mariadb.database - INFO - database.py:140 - Database initialized successfully
2025-11-19 13:28:02 - src.utils.logger - INFO - lifecycle.py:47 - Database connection available
2025-11-19 13:28:02 - src.models.models - INFO - models.py:148 - YOLO backbone model loaded from /Users/goodsee/dongwon/models/yolo12n.pt
2025-11-19 13:28:02 - src.models.models - INFO - models.py:148 - YOLO trained model loaded from /Users/goodsee/dongwon/models/best.pt
2025-11-19 13:28:02 - src.utils.logger - INFO - lifecycle.py:54 - YOLO model loaded
2025-11-19 13:28:02 - src.utils.logger - INFO - lifecycle.py:72 - Using remote VLM server: http://114.110.133.13:60005
2025-11-19 13:28:02 - src.models.vlm_client - INFO - vlm_client.py:21 - VLM HTTP Client initialized: http://114.110.133.13:60005
2025-11-19 13:28:02 - src.utils.logger - INFO - lifecycle.py:76 - Checking VLM server connection...
2025-11-19 13:28:02 - src.models.vlm_client - INFO - vlm_client.py:39 - VLM server health check passed: {'status': 'ok', 'vlm_ready': True, 'service': 'VLM Model Server'}
2025-11-19 13:28:02 - src.utils.logger - INFO - lifecycle.py:79 - VLM server connection verified (remote server mode)
2025-11-19 13:28:02 - src.utils.logger - INFO - lifecycle.py:124 - GUI enabled via ENABLE_GUI=true
2025-11-19 13:28:02 - src.utils.logger - INFO - gui.py:56 - GUI process started (pid=5398)
2025-11-19 13:28:02 - src.utils.logger - INFO - lifecycle.py:130 - API endpoints ready: YOLO and VLM enabled
2025-11-19 13:28:04 - src.utils.request_logger - INFO - request_logger.py:132 - 127.0.0.1 | "GET /health" | 200 | 1.29ms
2025-11-19 13:28:05 - src.utils.logger - INFO - lifecycle.py:140 - Shutting down services
2025-11-19 13:28:05 - src.utils.logger - INFO - gui.py:71 - Stopping GUI process (pid=5398)
2025-11-19 13:28:05 - src.models.models - INFO - models.py:168 - Unloading YOLO models...
2025-11-19 13:28:05 - src.models.models - INFO - models.py:175 - YOLO backbone model unloaded
2025-11-19 13:28:05 - src.models.models - INFO - models.py:175 - YOLO trained model unloaded
2025-11-19 13:28:05 - src.models.models - INFO - models.py:178 - YOLO models unloaded
2025-11-19 13:28:05 - src.utils.logger - INFO - lifecycle.py:165 - Shutdown complete
2025-11-19 13:28:15 - src.utils.logger - INFO - logger.py:165 - 📝 Logging initialized - Retention: 7 days
2025-11-19 13:28:15 - src.utils.logger - INFO - logger.py:166 - 📂 INFO logs: logs/info
2025-11-19 13:28:15 - src.utils.logger - INFO - logger.py:167 - 📂 ERROR logs: logs/error
2025-11-19 13:28:15 - src.utils.logger - INFO - lifecycle.py:43 - Starting service...
2025-11-19 13:28:15 - src.common.mariadb.database - INFO - database.py:140 - Database initialized successfully
2025-11-19 13:28:15 - src.utils.logger - INFO - lifecycle.py:47 - Database connection available
2025-11-19 13:28:15 - src.models.models - INFO - models.py:148 - YOLO backbone model loaded from /Users/goodsee/dongwon/models/yolo12n.pt
2025-11-19 13:28:15 - src.models.models - INFO - models.py:148 - YOLO trained model loaded from /Users/goodsee/dongwon/models/best.pt
2025-11-19 13:28:15 - src.utils.logger - INFO - lifecycle.py:54 - YOLO model loaded
2025-11-19 13:28:15 - src.utils.logger - INFO - lifecycle.py:72 - Using remote VLM server: http://114.110.133.13:60005
2025-11-19 13:28:15 - src.models.vlm_client - INFO - vlm_client.py:21 - VLM HTTP Client initialized: http://114.110.133.13:60005
2025-11-19 13:28:15 - src.utils.logger - INFO - lifecycle.py:76 - Checking VLM server connection...
2025-11-19 13:28:15 - src.models.vlm_client - INFO - vlm_client.py:39 - VLM server health check passed: {'status': 'ok', 'vlm_ready': True, 'service': 'VLM Model Server'}
2025-11-19 13:28:15 - src.utils.logger - INFO - lifecycle.py:79 - VLM server connection verified (remote server mode)
2025-11-19 13:28:15 - src.utils.logger - INFO - lifecycle.py:124 - GUI enabled via ENABLE_GUI=true
2025-11-19 13:28:15 - src.utils.logger - INFO - gui.py:56 - GUI process started (pid=5410)
2025-11-19 13:28:15 - src.utils.logger - INFO - lifecycle.py:130 - API endpoints ready: YOLO and VLM enabled
2025-11-19 13:28:17 - src.utils.request_logger - INFO - request_logger.py:132 - 127.0.0.1 | "GET /health" | 200 | 0.87ms
2025-11-19 13:28:36 - src.utils.logger - INFO - lifecycle.py:140 - Shutting down services
2025-11-19 13:28:36 - src.utils.logger - INFO - gui.py:71 - Stopping GUI process (pid=5410)
2025-11-19 13:28:36 - src.models.models - INFO - models.py:168 - Unloading YOLO models...
2025-11-19 13:28:36 - src.models.models - INFO - models.py:175 - YOLO backbone model unloaded
2025-11-19 13:28:36 - src.models.models - INFO - models.py:175 - YOLO trained model unloaded
2025-11-19 13:28:36 - src.models.models - INFO - models.py:178 - YOLO models unloaded
2025-11-19 13:28:36 - src.utils.logger - INFO - lifecycle.py:165 - Shutdown complete
2025-11-19 13:28:42 - src.utils.logger - INFO - logger.py:165 - 📝 Logging initialized - Retention: 7 days
2025-11-19 13:28:42 - src.utils.logger - INFO - logger.py:166 - 📂 INFO logs: logs/info
2025-11-19 13:28:42 - src.utils.logger - INFO - logger.py:167 - 📂 ERROR logs: logs/error
2025-11-19 13:28:42 - src.utils.logger - INFO - lifecycle.py:43 - Starting service...
2025-11-19 13:28:42 - src.common.mariadb.database - INFO - database.py:140 - Database initialized successfully
2025-11-19 13:28:42 - src.utils.logger - INFO - lifecycle.py:47 - Database connection available
2025-11-19 13:28:42 - src.models.models - INFO - models.py:148 - YOLO backbone model loaded from /Users/goodsee/dongwon/models/yolo12n.pt
2025-11-19 13:28:42 - src.models.models - INFO - models.py:148 - YOLO trained model loaded from /Users/goodsee/dongwon/models/best.pt
2025-11-19 13:28:42 - src.utils.logger - INFO - lifecycle.py:54 - YOLO model loaded
2025-11-19 13:28:42 - src.utils.logger - INFO - lifecycle.py:72 - Using remote VLM server: http://114.110.133.13:60005
2025-11-19 13:28:42 - src.models.vlm_client - INFO - vlm_client.py:21 - VLM HTTP Client initialized: http://114.110.133.13:60005
2025-11-19 13:28:42 - src.utils.logger - INFO - lifecycle.py:76 - Checking VLM server connection...
2025-11-19 13:28:42 - src.models.vlm_client - INFO - vlm_client.py:39 - VLM server health check passed: {'status': 'ok', 'vlm_ready': True, 'service': 'VLM Model Server'}
2025-11-19 13:28:42 - src.utils.logger - INFO - lifecycle.py:79 - VLM server connection verified (remote server mode)
2025-11-19 13:28:42 - src.utils.logger - INFO - lifecycle.py:124 - GUI enabled via ENABLE_GUI=true
2025-11-19 13:28:42 - src.utils.logger - INFO - gui.py:56 - GUI process started (pid=5441)
2025-11-19 13:28:42 - src.utils.logger - INFO - lifecycle.py:130 - API endpoints ready: YOLO and VLM enabled
2025-11-19 13:28:43 - src.utils.request_logger - INFO - request_logger.py:132 - 127.0.0.1 | "GET /health" | 200 | 0.77ms
2025-11-19 13:28:55 - src.models.services - INFO - services.py:477 - Analysis type: object
2025-11-19 13:28:55 - src.models.services - INFO - services.py:482 - Object analysis: VLM=1, YOLO=0
2025-11-19 13:28:55 - src.models.services - INFO - services.py:520 - DB 2차 검증 시작: detected_item_name='new item', vlm_description='A person sitting at a desk in an office environment with multiple computer monitors and office equip', vlm_description_ko='여러 컴퓨터 모니터와 사무 장비가 보이는 사무실 환경의 책상에 앉아 있는 사람.'
2025-11-19 13:28:55 - src.models.services - INFO - services.py:185 - VLM keywords extracted: EN=11 (['person', 'sitting', 'desk', 'office', 'environment']), KO=12 (['여러', '컴퓨터', '모니터와', '사무', '장비가']), search_keywords=['person', 'sitting', 'desk', 'office', 'environment', '여러', '컴퓨터', '모니터와', '사무', '장비가']
2025-11-19 13:28:55 - src.models.services - INFO - services.py:256 - Fetched 0 items matching keywords from database (direct DB access)
2025-11-19 13:28:55 - src.models.services - INFO - services.py:535 - Found 0 similar items for 'new item'
2025-11-19 13:28:55 - src.utils.request_logger - INFO - request_logger.py:132 - 127.0.0.1 | "POST /analyze" | 200 | 4472.72ms
2025-11-19 13:28:57 - src.api.web.item.item - INFO - item.py:177 - Item list requested: user=anonymous, page=1, page_size=100, search=new item
2025-11-19 13:28:57 - src.api.web.item.item_service - INFO - item_service.py:167 - 품목 목록 조회: total=1, page=1, page_size=100, returned=1, search='new item'
2025-11-19 13:28:57 - src.utils.request_logger - INFO - request_logger.py:132 - 127.0.0.1 | "GET /api/web/item/" | 200 | 16.33ms | query={"page": "1", "page_size": "100", "search": "new item"}
2025-11-19 13:28:57 - src.api.web.item.item - INFO - item.py:125 - Item detail requested: user=anonymous, item_id=2
2025-11-19 13:28:57 - src.api.web.item.item_service - INFO - item_service.py:79 - 품목 조회: item_id=2, itemName=new item
2025-11-19 13:28:57 - src.utils.request_logger - INFO - request_logger.py:132 - 127.0.0.1 | "GET /api/web/item/2" | 200 | 5.76ms
2025-11-19 13:28:57 - src.api.web.detection.detection - INFO - detection.py:114 - Detection upload requested: user=anonymous, item_id=2, status=FALSE, item_count=1
2025-11-19 13:28:57 - src.api.web.detection.detection - INFO - detection.py:196 - Detection image stored at uploads/detection/2025-11-19/4d9b4af5-1e45-435c-803f-24246a730966.jpg
2025-11-19 13:28:57 - src.api.web.detection.detection_service - INFO - detection_service.py:70 - Detection result created: id=82, item_id=2, status=FALSE
2025-11-19 13:28:57 - src.utils.request_logger - INFO - request_logger.py:132 - 127.0.0.1 | "POST /api/web/detection/upload-image" | 201 | 12.62ms
2025-11-19 13:29:03 - src.models.services - INFO - services.py:477 - Analysis type: object
2025-11-19 13:29:03 - src.models.services - INFO - services.py:482 - Object analysis: VLM=1, YOLO=0
2025-11-19 13:29:03 - src.models.services - INFO - services.py:520 - DB 2차 검증 시작: detected_item_name='new item', vlm_description='A person holding a smartphone with a dark case, obscuring their face, in an office setting', vlm_description_ko='사무실에서 얼굴을 가린 채 어두운 케이스에 스마트폰을 들고 있는 사람'
2025-11-19 13:29:03 - src.models.services - INFO - services.py:185 - VLM keywords extracted: EN=10 (['person', 'holding', 'smartphone', 'dark', 'case']), KO=9 (['사무실에서', '얼굴을', '가린', '어두운', '케이스에']), search_keywords=['person', 'holding', 'smartphone', 'dark', 'case', '사무실에서', '얼굴을', '가린', '어두운', '케이스에']
2025-11-19 13:29:04 - src.models.services - INFO - services.py:256 - Fetched 1 items matching keywords from database (direct DB access)
2025-11-19 13:29:04 - src.models.services - INFO - services.py:379 - Similar item found: 'cell phone' (score=0.317, item_id=5)
2025-11-19 13:29:04 - src.models.services - INFO - services.py:400 - DB 2차 검증 완료: detected='new item', found 1 similar items (from 1 total items, 1 with description, 1 processed)
2025-11-19 13:29:04 - src.models.services - INFO - services.py:403 - Top similar items: cell phone(0.32)
2025-11-19 13:29:04 - src.models.services - INFO - services.py:535 - Found 1 similar items for 'new item'
2025-11-19 13:29:04 - src.utils.request_logger - INFO - request_logger.py:132 - 127.0.0.1 | "POST /analyze" | 200 | 4470.23ms
2025-11-19 13:29:40 - src.utils.logger - INFO - lifecycle.py:140 - Shutting down services
2025-11-19 13:29:40 - src.utils.logger - INFO - gui.py:71 - Stopping GUI process (pid=5441)
2025-11-19 13:29:40 - src.models.models - INFO - models.py:168 - Unloading YOLO models...
2025-11-19 13:29:40 - src.models.models - INFO - models.py:175 - YOLO backbone model unloaded
2025-11-19 13:29:40 - src.models.models - INFO - models.py:175 - YOLO trained model unloaded
2025-11-19 13:29:40 - src.models.models - INFO - models.py:178 - YOLO models unloaded
2025-11-19 13:29:40 - src.utils.logger - INFO - lifecycle.py:165 - Shutdown complete
2025-11-19 13:29:52 - src.utils.logger - INFO - logger.py:165 - 📝 Logging initialized - Retention: 7 days
2025-11-19 13:29:52 - src.utils.logger - INFO - logger.py:166 - 📂 INFO logs: logs/info
2025-11-19 13:29:52 - src.utils.logger - INFO - logger.py:167 - 📂 ERROR logs: logs/error
2025-11-19 13:29:52 - src.utils.logger - INFO - lifecycle.py:43 - Starting service...
2025-11-19 13:29:52 - src.common.mariadb.database - INFO - database.py:140 - Database initialized successfully
2025-11-19 13:29:52 - src.utils.logger - INFO - lifecycle.py:47 - Database connection available
2025-11-19 13:29:52 - src.models.models - INFO - models.py:148 - YOLO backbone model loaded from /Users/goodsee/dongwon/models/yolo12n.pt
2025-11-19 13:29:52 - src.models.models - INFO - models.py:148 - YOLO trained model loaded from /Users/goodsee/dongwon/models/best.pt
2025-11-19 13:29:52 - src.utils.logger - INFO - lifecycle.py:54 - YOLO model loaded
2025-11-19 13:29:52 - src.utils.logger - INFO - lifecycle.py:72 - Using remote VLM server: http://114.110.133.13:60005
2025-11-19 13:29:52 - src.models.vlm_client - INFO - vlm_client.py:21 - VLM HTTP Client initialized: http://114.110.133.13:60005
2025-11-19 13:29:52 - src.utils.logger - INFO - lifecycle.py:76 - Checking VLM server connection...
2025-11-19 13:29:52 - src.models.vlm_client - INFO - vlm_client.py:39 - VLM server health check passed: {'status': 'ok', 'vlm_ready': True, 'service': 'VLM Model Server'}
2025-11-19 13:29:52 - src.utils.logger - INFO - lifecycle.py:79 - VLM server connection verified (remote server mode)
2025-11-19 13:29:52 - src.utils.logger - INFO - lifecycle.py:124 - GUI enabled via ENABLE_GUI=true
2025-11-19 13:29:52 - src.utils.logger - INFO - gui.py:56 - GUI process started (pid=5525)
2025-11-19 13:29:52 - src.utils.logger - INFO - lifecycle.py:130 - API endpoints ready: YOLO and VLM enabled
2025-11-19 13:29:54 - src.utils.request_logger - INFO - request_logger.py:132 - 127.0.0.1 | "GET /health" | 200 | 0.89ms
2025-11-19 13:30:04 - src.models.services - INFO - services.py:477 - Analysis type: object
2025-11-19 13:30:04 - src.models.services - INFO - services.py:482 - Object analysis: VLM=1, YOLO=0
2025-11-19 13:30:04 - src.models.services - INFO - services.py:520 - DB 2차 검증 시작: detected_item_name='new item', vlm_description='A person holding a smartphone in front of their face, obscuring their view, in an office setting wit', vlm_description_ko='배경에 책상과 모니터가 보이는 사무실 환경에서 얼굴을 가리고 스마트폰을 들고 있는 사람.'
2025-11-19 13:30:04 - src.models.services - INFO - services.py:185 - VLM keywords extracted: EN=15 (['person', 'holding', 'smartphone', 'front', 'their']), KO=12 (['배경에', '책상과', '모니터가', '보이는', '사무실']), search_keywords=['person', 'holding', 'smartphone', 'front', 'their', '배경에', '책상과', '모니터가', '보이는', '사무실']
2025-11-19 13:30:04 - src.models.services - INFO - services.py:256 - Fetched 1 items matching keywords from database (direct DB access)
2025-11-19 13:30:04 - src.models.services - INFO - services.py:379 - Similar item found: 'cell phone' (score=0.270, item_id=5)
2025-11-19 13:30:04 - src.models.services - INFO - services.py:400 - DB 2차 검증 완료: detected='new item', found 1 similar items (from 1 total items, 1 with description, 1 processed)
2025-11-19 13:30:04 - src.models.services - INFO - services.py:403 - Top similar items: cell phone(0.27)
2025-11-19 13:30:04 - src.models.services - INFO - services.py:535 - Found 1 similar items for 'new item'
2025-11-19 13:30:04 - src.utils.request_logger - INFO - request_logger.py:132 - 127.0.0.1 | "POST /analyze" | 200 | 5030.82ms
2025-11-19 13:30:08 - src.api.web.item.item - INFO - item.py:177 - Item list requested: user=anonymous, page=1, page_size=100, search=new item
2025-11-19 13:30:08 - src.api.web.item.item_service - INFO - item_service.py:167 - 품목 목록 조회: total=1, page=1, page_size=100, returned=1, search='new item'
2025-11-19 13:30:08 - src.utils.request_logger - INFO - request_logger.py:132 - 127.0.0.1 | "GET /api/web/item/" | 200 | 9.02ms | query={"page": "1", "page_size": "100", "search": "new item"}
2025-11-19 13:30:08 - src.api.web.item.item - INFO - item.py:125 - Item detail requested: user=anonymous, item_id=2
2025-11-19 13:30:08 - src.api.web.item.item_service - INFO - item_service.py:79 - 품목 조회: item_id=2, itemName=new item
2025-11-19 13:30:08 - src.utils.request_logger - INFO - request_logger.py:132 - 127.0.0.1 | "GET /api/web/item/2" | 200 | 5.58ms
2025-11-19 13:30:08 - src.api.web.detection.detection - INFO - detection.py:114 - Detection upload requested: user=anonymous, item_id=2, status=TRUE, item_count=1
2025-11-19 13:30:08 - src.api.web.detection.detection - INFO - detection.py:196 - Detection image stored at uploads/detection/2025-11-19/2b60ccf3-524f-41a0-8519-29e2792b7f87.jpg
2025-11-19 13:30:08 - src.api.web.detection.detection_service - INFO - detection_service.py:70 - Detection result created: id=83, item_id=2, status=TRUE
2025-11-19 13:30:08 - src.utils.request_logger - INFO - request_logger.py:132 - 127.0.0.1 | "POST /api/web/detection/upload-image" | 201 | 13.62ms
2025-11-19 13:30:13 - src.models.services - INFO - services.py:477 - Analysis type: object
2025-11-19 13:30:13 - src.models.services - INFO - services.py:482 - Object analysis: VLM=1, YOLO=0
2025-11-19 13:30:13 - src.models.services - INFO - services.py:520 - DB 2차 검증 시작: detected_item_name='new item', vlm_description='A person sitting at a desk in an office environment with multiple computer monitors and office equip', vlm_description_ko='여러 컴퓨터 모니터와 사무 장비가 있는 사무실 환경에서 책상에 앉아 있는 사람'
2025-11-19 13:30:13 - src.models.services - INFO - services.py:185 - VLM keywords extracted: EN=10 (['person', 'sitting', 'desk', 'office', 'environment']), KO=12 (['여러', '컴퓨터', '모니터와', '사무', '장비가']), search_keywords=['person', 'sitting', 'desk', 'office', 'environment', '여러', '컴퓨터', '모니터와', '사무', '장비가']
2025-11-19 13:30:13 - src.models.services - INFO - services.py:256 - Fetched 0 items matching keywords from database (direct DB access)
2025-11-19 13:30:13 - src.models.services - INFO - services.py:535 - Found 0 similar items for 'new item'
2025-11-19 13:30:13 - src.utils.request_logger - INFO - request_logger.py:132 - 127.0.0.1 | "POST /analyze" | 200 | 5019.03ms
2025-11-19 13:30:15 - src.api.web.item.item - INFO - item.py:177 - Item list requested: user=anonymous, page=1, page_size=100, search=new item
2025-11-19 13:30:15 - src.api.web.item.item_service - INFO - item_service.py:167 - 품목 목록 조회: total=1, page=1, page_size=100, returned=1, search='new item'
2025-11-19 13:30:15 - src.utils.request_logger - INFO - request_logger.py:132 - 127.0.0.1 | "GET /api/web/item/" | 200 | 124.00ms | query={"page": "1", "page_size": "100", "search": "new item"}
2025-11-19 13:30:15 - src.api.web.item.item - INFO - item.py:125 - Item detail requested: user=anonymous, item_id=2
2025-11-19 13:30:15 - src.api.web.item.item_service - INFO - item_service.py:79 - 품목 조회: item_id=2, itemName=new item
2025-11-19 13:30:15 - src.utils.request_logger - INFO - request_logger.py:132 - 127.0.0.1 | "GET /api/web/item/2" | 200 | 4.68ms
2025-11-19 13:30:15 - src.api.web.detection.detection - INFO - detection.py:114 - Detection upload requested: user=anonymous, item_id=2, status=FALSE, item_count=1
2025-11-19 13:30:15 - src.api.web.detection.detection - INFO - detection.py:196 - Detection image stored at uploads/detection/2025-11-19/0c0ceaf6-6b3f-4288-bf42-52b22a7d64cf.jpg
2025-11-19 13:30:15 - src.api.web.detection.detection_service - INFO - detection_service.py:70 - Detection result created: id=84, item_id=2, status=FALSE
2025-11-19 13:30:15 - src.utils.request_logger - INFO - request_logger.py:132 - 127.0.0.1 | "POST /api/web/detection/upload-image" | 201 | 6.62ms
2025-11-19 13:30:19 - src.models.services - INFO - services.py:477 - Analysis type: object
2025-11-19 13:30:19 - src.models.services - INFO - services.py:482 - Object analysis: VLM=1, YOLO=0
2025-11-19 13:30:19 - src.models.services - INFO - services.py:520 - DB 2차 검증 시작: detected_item_name='new item', vlm_description='A person holding a black wallet in front of their face in an office setting', vlm_description_ko='사무실에서 검은색 지갑을 얼굴 앞에 들고 있는 사람'
2025-11-19 13:30:19 - src.models.services - INFO - services.py:185 - VLM keywords extracted: EN=9 (['person', 'holding', 'black', 'wallet', 'front']), KO=8 (['사무실에서', '검은색', '지갑을', '얼굴', '앞에']), search_keywords=['person', 'holding', 'black', 'wallet', 'front', '사무실에서', '검은색', '지갑을', '얼굴', '앞에']
2025-11-19 13:30:19 - src.models.services - INFO - services.py:256 - Fetched 2 items matching keywords from database (direct DB access)
2025-11-19 13:30:19 - src.models.services - INFO - services.py:379 - Similar item found: 'wallet' (score=0.304, item_id=4)
2025-11-19 13:30:19 - src.models.services - INFO - services.py:379 - Similar item found: 'cell phone' (score=0.261, item_id=5)
2025-11-19 13:30:19 - src.models.services - INFO - services.py:400 - DB 2차 검증 완료: detected='new item', found 2 similar items (from 2 total items, 2 with description, 2 processed)
2025-11-19 13:30:19 - src.models.services - INFO - services.py:403 - Top similar items: wallet(0.30), cell phone(0.26)
2025-11-19 13:30:19 - src.models.services - INFO - services.py:535 - Found 2 similar items for 'new item'
2025-11-19 13:30:19 - src.utils.request_logger - INFO - request_logger.py:132 - 127.0.0.1 | "POST /analyze" | 200 | 4092.26ms
2025-11-19 13:30:24 - src.api.web.item.item - INFO - item.py:177 - Item list requested: user=anonymous, page=1, page_size=100, search=new item
2025-11-19 13:30:24 - src.api.web.item.item_service - INFO - item_service.py:167 - 품목 목록 조회: total=1, page=1, page_size=100, returned=1, search='new item'
2025-11-19 13:30:24 - src.utils.request_logger - INFO - request_logger.py:132 - 127.0.0.1 | "GET /api/web/item/" | 200 | 5.75ms | query={"page": "1", "page_size": "100", "search": "new item"}
2025-11-19 13:30:24 - src.api.web.item.item - INFO - item.py:125 - Item detail requested: user=anonymous, item_id=2
2025-11-19 13:30:24 - src.api.web.item.item_service - INFO - item_service.py:79 - 품목 조회: item_id=2, itemName=new item
2025-11-19 13:30:24 - src.utils.request_logger - INFO - request_logger.py:132 - 127.0.0.1 | "GET /api/web/item/2" | 200 | 3.59ms
2025-11-19 13:30:24 - src.api.web.detection.detection - INFO - detection.py:114 - Detection upload requested: user=anonymous, item_id=2, status=FALSE, item_count=1
2025-11-19 13:30:24 - src.api.web.detection.detection - INFO - detection.py:196 - Detection image stored at uploads/detection/2025-11-19/39131faf-e15f-4b28-a46c-7a902f4eca05.jpg
2025-11-19 13:30:24 - src.api.web.detection.detection_service - INFO - detection_service.py:70 - Detection result created: id=85, item_id=2, status=FALSE
2025-11-19 13:30:24 - src.utils.request_logger - INFO - request_logger.py:132 - 127.0.0.1 | "POST /api/web/detection/upload-image" | 201 | 7.62ms
2025-11-19 13:30:28 - src.models.services - INFO - services.py:477 - Analysis type: object
2025-11-19 13:30:28 - src.models.services - INFO - services.py:482 - Object analysis: VLM=1, YOLO=0
2025-11-19 13:30:28 - src.models.services - INFO - services.py:520 - DB 2차 검증 시작: detected_item_name='new item', vlm_description='A person holding a black wallet in an office setting', vlm_description_ko='사무실에서 검은색 지갑을 들고 있는 사람'
2025-11-19 13:30:28 - src.models.services - INFO - services.py:185 - VLM keywords extracted: EN=6 (['person', 'holding', 'black', 'wallet', 'office']), KO=6 (['사무실에서', '검은색', '지갑을', '들고', '있는']), search_keywords=['person', 'holding', 'black', 'wallet', 'office', '사무실에서', '검은색', '지갑을', '들고', '있는']
2025-11-19 13:30:28 - src.models.services - INFO - services.py:256 - Fetched 2 items matching keywords from database (direct DB access)
2025-11-19 13:30:28 - src.models.services - INFO - services.py:379 - Similar item found: 'wallet' (score=0.372, item_id=4)
2025-11-19 13:30:28 - src.models.services - INFO - services.py:379 - Similar item found: 'cell phone' (score=0.293, item_id=5)
2025-11-19 13:30:28 - src.models.services - INFO - services.py:400 - DB 2차 검증 완료: detected='new item', found 2 similar items (from 2 total items, 2 with description, 2 processed)
2025-11-19 13:30:28 - src.models.services - INFO - services.py:403 - Top similar items: wallet(0.37), cell phone(0.29)
2025-11-19 13:30:28 - src.models.services - INFO - services.py:535 - Found 2 similar items for 'new item'
2025-11-19 13:30:28 - src.utils.request_logger - INFO - request_logger.py:132 - 127.0.0.1 | "POST /analyze" | 200 | 3823.01ms
2025-11-19 13:30:32 - src.api.web.item.item - INFO - item.py:177 - Item list requested: user=anonymous, page=1, page_size=100, search=new item
2025-11-19 13:30:32 - src.api.web.item.item_service - INFO - item_service.py:167 - 품목 목록 조회: total=1, page=1, page_size=100, returned=1, search='new item'
2025-11-19 13:30:32 - src.utils.request_logger - INFO - request_logger.py:132 - 127.0.0.1 | "GET /api/web/item/" | 200 | 6.37ms | query={"page": "1", "page_size": "100", "search": "new item"}
2025-11-19 13:30:32 - src.api.web.item.item - INFO - item.py:125 - Item detail requested: user=anonymous, item_id=2
2025-11-19 13:30:32 - src.api.web.item.item_service - INFO - item_service.py:79 - 품목 조회: item_id=2, itemName=new item
2025-11-19 13:30:32 - src.utils.request_logger - INFO - request_logger.py:132 - 127.0.0.1 | "GET /api/web/item/2" | 200 | 4.72ms
2025-11-19 13:30:32 - src.api.web.detection.detection - INFO - detection.py:114 - Detection upload requested: user=anonymous, item_id=2, status=FALSE, item_count=1
2025-11-19 13:30:32 - src.api.web.detection.detection - INFO - detection.py:196 - Detection image stored at uploads/detection/2025-11-19/613011a8-3c6c-49ca-bbd0-2e94f9bd7135.jpg
2025-11-19 13:30:32 - src.api.web.detection.detection_service - INFO - detection_service.py:70 - Detection result created: id=86, item_id=2, status=FALSE
2025-11-19 13:30:32 - src.utils.request_logger - INFO - request_logger.py:132 - 127.0.0.1 | "POST /api/web/detection/upload-image" | 201 | 9.68ms
2025-11-19 13:30:37 - src.models.services - INFO - services.py:477 - Analysis type: object
2025-11-19 13:30:37 - src.models.services - INFO - services.py:482 - Object analysis: VLM=1, YOLO=0
2025-11-19 13:30:37 - src.models.services - INFO - services.py:520 - DB 2차 검증 시작: detected_item_name='new item', vlm_description='A person holding a black wallet in an office setting', vlm_description_ko='사무실에서 검은색 지갑을 들고 있는 사람'
2025-11-19 13:30:37 - src.models.services - INFO - services.py:185 - VLM keywords extracted: EN=6 (['person', 'holding', 'black', 'wallet', 'office']), KO=6 (['사무실에서', '검은색', '지갑을', '들고', '있는']), search_keywords=['person', 'holding', 'black', 'wallet', 'office', '사무실에서', '검은색', '지갑을', '들고', '있는']
2025-11-19 13:30:37 - src.models.services - INFO - services.py:256 - Fetched 2 items matching keywords from database (direct DB access)
2025-11-19 13:30:37 - src.models.services - INFO - services.py:379 - Similar item found: 'wallet' (score=0.372, item_id=4)
2025-11-19 13:30:37 - src.models.services - INFO - services.py:379 - Similar item found: 'cell phone' (score=0.293, item_id=5)
2025-11-19 13:30:37 - src.models.services - INFO - services.py:400 - DB 2차 검증 완료: detected='new item', found 2 similar items (from 2 total items, 2 with description, 2 processed)
2025-11-19 13:30:37 - src.models.services - INFO - services.py:403 - Top similar items: wallet(0.37), cell phone(0.29)
2025-11-19 13:30:37 - src.models.services - INFO - services.py:535 - Found 2 similar items for 'new item'
2025-11-19 13:30:37 - src.utils.request_logger - INFO - request_logger.py:132 - 127.0.0.1 | "POST /analyze" | 200 | 3773.47ms
2025-11-19 13:30:39 - src.api.web.item.item - INFO - item.py:177 - Item list requested: user=anonymous, page=1, page_size=100, search=new item
2025-11-19 13:30:39 - src.api.web.item.item_service - INFO - item_service.py:167 - 품목 목록 조회: total=1, page=1, page_size=100, returned=1, search='new item'
2025-11-19 13:30:39 - src.utils.request_logger - INFO - request_logger.py:132 - 127.0.0.1 | "GET /api/web/item/" | 200 | 11.52ms | query={"page": "1", "page_size": "100", "search": "new item"}
2025-11-19 13:30:39 - src.api.web.item.item - INFO - item.py:125 - Item detail requested: user=anonymous, item_id=2
2025-11-19 13:30:39 - src.api.web.item.item_service - INFO - item_service.py:79 - 품목 조회: item_id=2, itemName=new item
2025-11-19 13:30:39 - src.utils.request_logger - INFO - request_logger.py:132 - 127.0.0.1 | "GET /api/web/item/2" | 200 | 4.69ms
2025-11-19 13:30:39 - src.api.web.detection.detection - INFO - detection.py:114 - Detection upload requested: user=anonymous, item_id=2, status=FALSE, item_count=1
2025-11-19 13:30:39 - src.api.web.detection.detection - INFO - detection.py:196 - Detection image stored at uploads/detection/2025-11-19/e6678136-3faf-4a91-b0af-c0e5b9ddba81.jpg
2025-11-19 13:30:39 - src.api.web.detection.detection_service - INFO - detection_service.py:70 - Detection result created: id=87, item_id=2, status=FALSE
2025-11-19 13:30:39 - src.utils.request_logger - INFO - request_logger.py:132 - 127.0.0.1 | "POST /api/web/detection/upload-image" | 201 | 9.26ms
2025-11-19 13:30:47 - src.models.services - INFO - services.py:477 - Analysis type: object
2025-11-19 13:30:47 - src.models.services - INFO - services.py:482 - Object analysis: VLM=1, YOLO=0
2025-11-19 13:30:47 - src.models.services - INFO - services.py:520 - DB 2차 검증 시작: detected_item_name='new item', vlm_description='A person holding a black rectangular object in an office setting', vlm_description_ko='사무실에서 검정색 직사각형 물체를 들고 있는 사람'
2025-11-19 13:30:47 - src.models.services - INFO - services.py:185 - VLM keywords extracted: EN=7 (['person', 'holding', 'black', 'rectangular', 'object']), KO=7 (['사무실에서', '검정색', '직사각형', '물체를', '들고']), search_keywords=['person', 'holding', 'black', 'rectangular', 'object', '사무실에서', '검정색', '직사각형', '물체를', '들고']
2025-11-19 13:30:47 - src.models.services - INFO - services.py:256 - Fetched 2 items matching keywords from database (direct DB access)
2025-11-19 13:30:47 - src.models.services - INFO - services.py:379 - Similar item found: 'wallet' (score=0.241, item_id=4)
2025-11-19 13:30:47 - src.models.services - INFO - services.py:379 - Similar item found: 'cell phone' (score=0.283, item_id=5)
2025-11-19 13:30:47 - src.models.services - INFO - services.py:400 - DB 2차 검증 완료: detected='new item', found 2 similar items (from 2 total items, 2 with description, 2 processed)
2025-11-19 13:30:47 - src.models.services - INFO - services.py:403 - Top similar items: cell phone(0.28), wallet(0.24)
2025-11-19 13:30:47 - src.models.services - INFO - services.py:535 - Found 2 similar items for 'new item'
2025-11-19 13:30:47 - src.utils.request_logger - INFO - request_logger.py:132 - 127.0.0.1 | "POST /analyze" | 200 | 4817.35ms
2025-11-19 13:30:51 - src.api.web.item.item - INFO - item.py:177 - Item list requested: user=anonymous, page=1, page_size=100, search=new item
2025-11-19 13:30:51 - src.api.web.item.item_service - INFO - item_service.py:167 - 품목 목록 조회: total=1, page=1, page_size=100, returned=1, search='new item'
2025-11-19 13:30:51 - src.utils.request_logger - INFO - request_logger.py:132 - 127.0.0.1 | "GET /api/web/item/" | 200 | 5.24ms | query={"page": "1", "page_size": "100", "search": "new item"}
2025-11-19 13:30:51 - src.api.web.item.item - INFO - item.py:125 - Item detail requested: user=anonymous, item_id=2
2025-11-19 13:30:51 - src.api.web.item.item_service - INFO - item_service.py:79 - 품목 조회: item_id=2, itemName=new item
2025-11-19 13:30:51 - src.utils.request_logger - INFO - request_logger.py:132 - 127.0.0.1 | "GET /api/web/item/2" | 200 | 4.40ms
2025-11-19 13:30:51 - src.api.web.detection.detection - INFO - detection.py:114 - Detection upload requested: user=anonymous, item_id=2, status=FALSE, item_count=1
2025-11-19 13:30:51 - src.api.web.detection.detection - INFO - detection.py:196 - Detection image stored at uploads/detection/2025-11-19/89a419e5-c7a7-4c96-a7e1-ef3007c321c7.jpg
2025-11-19 13:30:51 - src.api.web.detection.detection_service - INFO - detection_service.py:70 - Detection result created: id=88, item_id=2, status=FALSE
2025-11-19 13:30:51 - src.utils.request_logger - INFO - request_logger.py:132 - 127.0.0.1 | "POST /api/web/detection/upload-image" | 201 | 7.87ms
2025-11-19 13:30:56 - src.models.services - INFO - services.py:477 - Analysis type: object
2025-11-19 13:30:56 - src.models.services - INFO - services.py:482 - Object analysis: VLM=0, YOLO=0
2025-11-19 13:30:56 - src.models.services - INFO - services.py:520 - DB 2차 검증 시작: detected_item_name='new item', vlm_description='empty', vlm_description_ko='empty'
2025-11-19 13:30:56 - src.models.services - WARNING - services.py:537 - DB 2차 검증 스킵: vlm_description=False, vlm_description_ko=False
2025-11-19 13:30:56 - src.utils.request_logger - INFO - request_logger.py:132 - 127.0.0.1 | "POST /analyze" | 200 | 3064.96ms
2025-11-19 13:35:43 - src.utils.logger - INFO - lifecycle.py:140 - Shutting down services
2025-11-19 13:35:43 - src.utils.logger - INFO - gui.py:71 - Stopping GUI process (pid=5525)
2025-11-19 13:35:43 - src.models.models - INFO - models.py:168 - Unloading YOLO models...
2025-11-19 13:35:43 - src.models.models - INFO - models.py:175 - YOLO backbone model unloaded
2025-11-19 13:35:43 - src.models.models - INFO - models.py:175 - YOLO trained model unloaded
2025-11-19 13:35:43 - src.models.models - INFO - models.py:178 - YOLO models unloaded
2025-11-19 13:35:43 - src.utils.logger - INFO - lifecycle.py:165 - Shutdown complete
2025-11-19 13:35:50 - src.utils.logger - INFO - logger.py:165 - 📝 Logging initialized - Retention: 7 days
2025-11-19 13:35:50 - src.utils.logger - INFO - logger.py:166 - 📂 INFO logs: logs/info
2025-11-19 13:35:50 - src.utils.logger - INFO - logger.py:167 - 📂 ERROR logs: logs/error
2025-11-19 13:35:50 - src.utils.logger - INFO - lifecycle.py:43 - Starting service...
2025-11-19 13:35:50 - src.common.mariadb.database - INFO - database.py:140 - Database initialized successfully
2025-11-19 13:35:50 - src.utils.logger - INFO - lifecycle.py:47 - Database connection available
2025-11-19 13:35:50 - src.models.models - INFO - models.py:148 - YOLO backbone model loaded from /Users/goodsee/dongwon/models/yolo12n.pt
2025-11-19 13:35:50 - src.models.models - INFO - models.py:148 - YOLO trained model loaded from /Users/goodsee/dongwon/models/best.pt
2025-11-19 13:35:50 - src.utils.logger - INFO - lifecycle.py:54 - YOLO model loaded
2025-11-19 13:35:50 - src.utils.logger - INFO - lifecycle.py:72 - Using remote VLM server: http://114.110.133.13:60005
2025-11-19 13:35:50 - src.models.vlm_client - INFO - vlm_client.py:21 - VLM HTTP Client initialized: http://114.110.133.13:60005
2025-11-19 13:35:50 - src.utils.logger - INFO - lifecycle.py:76 - Checking VLM server connection...
2025-11-19 13:35:50 - src.models.vlm_client - INFO - vlm_client.py:39 - VLM server health check passed: {'status': 'ok', 'vlm_ready': True, 'service': 'VLM Model Server'}
2025-11-19 13:35:50 - src.utils.logger - INFO - lifecycle.py:79 - VLM server connection verified (remote server mode)
2025-11-19 13:35:50 - src.utils.logger - INFO - lifecycle.py:124 - GUI enabled via ENABLE_GUI=true
2025-11-19 13:35:50 - src.utils.logger - INFO - gui.py:56 - GUI process started (pid=6207)
2025-11-19 13:35:50 - src.utils.logger - INFO - lifecycle.py:130 - API endpoints ready: YOLO and VLM enabled
2025-11-19 13:35:52 - src.utils.request_logger - INFO - request_logger.py:132 - 127.0.0.1 | "GET /health" | 200 | 0.91ms
2025-11-19 13:35:53 - src.utils.logger - INFO - lifecycle.py:140 - Shutting down services
2025-11-19 13:35:53 - src.utils.logger - INFO - gui.py:71 - Stopping GUI process (pid=6207)
2025-11-19 13:35:53 - src.models.models - INFO - models.py:168 - Unloading YOLO models...
2025-11-19 13:35:53 - src.models.models - INFO - models.py:175 - YOLO backbone model unloaded
2025-11-19 13:35:53 - src.models.models - INFO - models.py:175 - YOLO trained model unloaded
2025-11-19 13:35:53 - src.models.models - INFO - models.py:178 - YOLO models unloaded
2025-11-19 13:35:53 - src.utils.logger - INFO - lifecycle.py:165 - Shutdown complete
2025-11-19 13:35:59 - src.utils.logger - INFO - logger.py:165 - 📝 Logging initialized - Retention: 7 days
2025-11-19 13:35:59 - src.utils.logger - INFO - logger.py:166 - 📂 INFO logs: logs/info
2025-11-19 13:35:59 - src.utils.logger - INFO - logger.py:167 - 📂 ERROR logs: logs/error
2025-11-19 13:35:59 - src.utils.logger - INFO - lifecycle.py:43 - Starting service...
2025-11-19 13:35:59 - src.common.mariadb.database - INFO - database.py:140 - Database initialized successfully
2025-11-19 13:35:59 - src.utils.logger - INFO - lifecycle.py:47 - Database connection available
2025-11-19 13:35:59 - src.models.models - INFO - models.py:148 - YOLO backbone model loaded from /Users/goodsee/dongwon/models/yolo12n.pt
2025-11-19 13:35:59 - src.models.models - INFO - models.py:148 - YOLO trained model loaded from /Users/goodsee/dongwon/models/best.pt
2025-11-19 13:35:59 - src.utils.logger - INFO - lifecycle.py:54 - YOLO model loaded
2025-11-19 13:35:59 - src.utils.logger - INFO - lifecycle.py:72 - Using remote VLM server: http://114.110.133.13:60005
2025-11-19 13:35:59 - src.models.vlm_client - INFO - vlm_client.py:21 - VLM HTTP Client initialized: http://114.110.133.13:60005
2025-11-19 13:35:59 - src.utils.logger - INFO - lifecycle.py:76 - Checking VLM server connection...
2025-11-19 13:35:59 - src.models.vlm_client - INFO - vlm_client.py:39 - VLM server health check passed: {'status': 'ok', 'vlm_ready': True, 'service': 'VLM Model Server'}
2025-11-19 13:35:59 - src.utils.logger - INFO - lifecycle.py:79 - VLM server connection verified (remote server mode)
2025-11-19 13:35:59 - src.utils.logger - INFO - lifecycle.py:124 - GUI enabled via ENABLE_GUI=true
2025-11-19 13:35:59 - src.utils.logger - INFO - gui.py:56 - GUI process started (pid=6219)
2025-11-19 13:35:59 - src.utils.logger - INFO - lifecycle.py:130 - API endpoints ready: YOLO and VLM enabled
2025-11-19 13:36:01 - src.utils.request_logger - INFO - request_logger.py:132 - 127.0.0.1 | "GET /health" | 200 | 0.68ms
2025-11-19 13:36:05 - src.utils.logger - INFO - lifecycle.py:140 - Shutting down services
2025-11-19 13:36:05 - src.utils.logger - INFO - gui.py:71 - Stopping GUI process (pid=6219)
2025-11-19 13:36:06 - src.models.models - INFO - models.py:168 - Unloading YOLO models...
2025-11-19 13:36:06 - src.models.models - INFO - models.py:175 - YOLO backbone model unloaded
2025-11-19 13:36:06 - src.models.models - INFO - models.py:175 - YOLO trained model unloaded
2025-11-19 13:36:06 - src.models.models - INFO - models.py:178 - YOLO models unloaded
2025-11-19 13:36:06 - src.utils.logger - INFO - lifecycle.py:165 - Shutdown complete
2025-11-19 13:36:11 - src.utils.logger - INFO - logger.py:165 - 📝 Logging initialized - Retention: 7 days
2025-11-19 13:36:11 - src.utils.logger - INFO - logger.py:166 - 📂 INFO logs: logs/info
2025-11-19 13:36:11 - src.utils.logger - INFO - logger.py:167 - 📂 ERROR logs: logs/error
2025-11-19 13:36:11 - src.utils.logger - INFO - lifecycle.py:43 - Starting service...
2025-11-19 13:36:11 - src.common.mariadb.database - INFO - database.py:140 - Database initialized successfully
2025-11-19 13:36:11 - src.utils.logger - INFO - lifecycle.py:47 - Database connection available
2025-11-19 13:36:11 - src.models.models - INFO - models.py:148 - YOLO backbone model loaded from /Users/goodsee/dongwon/models/yolo12n.pt
2025-11-19 13:36:11 - src.models.models - INFO - models.py:148 - YOLO trained model loaded from /Users/goodsee/dongwon/models/best.pt
2025-11-19 13:36:11 - src.utils.logger - INFO - lifecycle.py:54 - YOLO model loaded
2025-11-19 13:36:11 - src.utils.logger - INFO - lifecycle.py:72 - Using remote VLM server: http://114.110.133.13:60005
2025-11-19 13:36:11 - src.models.vlm_client - INFO - vlm_client.py:21 - VLM HTTP Client initialized: http://114.110.133.13:60005
2025-11-19 13:36:11 - src.utils.logger - INFO - lifecycle.py:76 - Checking VLM server connection...
2025-11-19 13:36:11 - src.models.vlm_client - INFO - vlm_client.py:39 - VLM server health check passed: {'status': 'ok', 'vlm_ready': True, 'service': 'VLM Model Server'}
2025-11-19 13:36:11 - src.utils.logger - INFO - lifecycle.py:79 - VLM server connection verified (remote server mode)
2025-11-19 13:36:11 - src.utils.logger - INFO - lifecycle.py:124 - GUI enabled via ENABLE_GUI=true
2025-11-19 13:36:11 - src.utils.logger - INFO - gui.py:56 - GUI process started (pid=6257)
2025-11-19 13:36:11 - src.utils.logger - INFO - lifecycle.py:130 - API endpoints ready: YOLO and VLM enabled
2025-11-19 13:36:12 - src.utils.request_logger - INFO - request_logger.py:132 - 127.0.0.1 | "GET /health" | 200 | 0.76ms
2025-11-19 13:39:04 - src.utils.logger - INFO - lifecycle.py:140 - Shutting down services
2025-11-19 13:39:04 - src.models.models - INFO - models.py:168 - Unloading YOLO models...
2025-11-19 13:39:04 - src.models.models - INFO - models.py:175 - YOLO backbone model unloaded
2025-11-19 13:39:04 - src.models.models - INFO - models.py:175 - YOLO trained model unloaded
2025-11-19 13:39:04 - src.models.models - INFO - models.py:178 - YOLO models unloaded
2025-11-19 13:39:04 - src.utils.logger - INFO - lifecycle.py:165 - Shutdown complete
2025-11-19 14:22:07 - src.utils.logger - INFO - logger.py:165 - 📝 Logging initialized - Retention: 7 days
2025-11-19 14:22:07 - src.utils.logger - INFO - logger.py:166 - 📂 INFO logs: logs/info
2025-11-19 14:22:07 - src.utils.logger - INFO - logger.py:167 - 📂 ERROR logs: logs/error
2025-11-19 14:22:07 - src.utils.logger - INFO - lifecycle.py:43 - Starting service...
2025-11-19 14:22:07 - src.common.mariadb.database - INFO - database.py:140 - Database initialized successfully
2025-11-19 14:22:07 - src.utils.logger - INFO - lifecycle.py:47 - Database connection available
2025-11-19 14:22:07 - src.models.models - INFO - models.py:148 - YOLO backbone model loaded from /Users/goodsee/dongwon/models/yolo12n.pt
2025-11-19 14:22:07 - src.models.models - INFO - models.py:148 - YOLO trained model loaded from /Users/goodsee/dongwon/models/best.pt
2025-11-19 14:22:07 - src.utils.logger - INFO - lifecycle.py:54 - YOLO model loaded
2025-11-19 14:22:07 - src.utils.logger - INFO - lifecycle.py:72 - Using remote VLM server: http://114.110.133.13:60005
2025-11-19 14:22:07 - src.models.vlm_client - INFO - vlm_client.py:21 - VLM HTTP Client initialized: http://114.110.133.13:60005
2025-11-19 14:22:07 - src.utils.logger - INFO - lifecycle.py:76 - Checking VLM server connection...
2025-11-19 14:22:07 - src.models.vlm_client - INFO - vlm_client.py:39 - VLM server health check passed: {'status': 'ok', 'vlm_ready': True, 'service': 'VLM Model Server'}
2025-11-19 14:22:07 - src.utils.logger - INFO - lifecycle.py:79 - VLM server connection verified (remote server mode)
2025-11-19 14:22:07 - src.utils.logger - INFO - lifecycle.py:124 - GUI enabled via ENABLE_GUI=true
2025-11-19 14:22:07 - src.utils.logger - INFO - gui.py:56 - GUI process started (pid=7165)
2025-11-19 14:22:07 - src.utils.logger - INFO - lifecycle.py:130 - API endpoints ready: YOLO and VLM enabled
2025-11-19 14:22:08 - src.utils.request_logger - INFO - request_logger.py:132 - 127.0.0.1 | "GET /health" | 200 | 0.77ms
2025-11-19 14:23:22 - src.models.services - INFO - services.py:477 - Analysis type: paper
2025-11-19 14:23:22 - src.models.services - INFO - services.py:554 - Paper analysis: 83 chars extracted
2025-11-19 14:23:22 - src.utils.request_logger - INFO - request_logger.py:132 - 127.0.0.1 | "POST /analyze" | 200 | 6642.08ms
2025-11-19 14:23:39 - src.api.web.item.item - INFO - item.py:177 - Item list requested: user=anonymous, page=1, page_size=100, search=ocr
2025-11-19 14:23:39 - src.api.web.item.item_service - INFO - item_service.py:167 - 품목 목록 조회: total=1, page=1, page_size=100, returned=1, search='ocr'
2025-11-19 14:23:39 - src.utils.request_logger - INFO - request_logger.py:132 - 127.0.0.1 | "GET /api/web/item/" | 200 | 23.81ms | query={"page": "1", "page_size": "100", "search": "ocr"}
2025-11-19 14:23:39 - src.api.web.item.item - INFO - item.py:125 - Item detail requested: user=anonymous, item_id=3
2025-11-19 14:23:39 - src.api.web.item.item_service - INFO - item_service.py:79 - 품목 조회: item_id=3, itemName=ocr
2025-11-19 14:23:39 - src.utils.request_logger - INFO - request_logger.py:132 - 127.0.0.1 | "GET /api/web/item/3" | 200 | 7.56ms
2025-11-19 14:23:39 - src.api.web.detection.detection - INFO - detection.py:114 - Detection upload requested: user=anonymous, item_id=3, status=TRUE, item_count=1
2025-11-19 14:23:39 - src.api.web.detection.detection - INFO - detection.py:196 - Detection image stored at uploads/detection/2025-11-19/b8d2f67c-641e-486e-9bdd-d5e4fb3005c1.jpg
2025-11-19 14:23:39 - src.api.web.detection.detection_service - INFO - detection_service.py:70 - Detection result created: id=89, item_id=3, status=TRUE
2025-11-19 14:23:39 - src.utils.request_logger - INFO - request_logger.py:132 - 127.0.0.1 | "POST /api/web/detection/upload-image" | 201 | 14.57ms
2025-11-19 14:23:46 - src.models.services - INFO - services.py:477 - Analysis type: paper
2025-11-19 14:23:46 - src.models.services - INFO - services.py:554 - Paper analysis: 83 chars extracted
2025-11-19 14:23:46 - src.utils.request_logger - INFO - request_logger.py:132 - 127.0.0.1 | "POST /analyze" | 200 | 6709.61ms
2025-11-19 14:24:24 - src.api.web.item.item - INFO - item.py:177 - Item list requested: user=anonymous, page=1, page_size=100, search=ocr
2025-11-19 14:24:24 - src.api.web.item.item_service - INFO - item_service.py:167 - 품목 목록 조회: total=1, page=1, page_size=100, returned=1, search='ocr'
2025-11-19 14:24:24 - src.utils.request_logger - INFO - request_logger.py:132 - 127.0.0.1 | "GET /api/web/item/" | 200 | 7.02ms | query={"page": "1", "page_size": "100", "search": "ocr"}
2025-11-19 14:24:24 - src.api.web.item.item - INFO - item.py:125 - Item detail requested: user=anonymous, item_id=3
2025-11-19 14:24:24 - src.api.web.item.item_service - INFO - item_service.py:79 - 품목 조회: item_id=3, itemName=ocr
2025-11-19 14:24:24 - src.utils.request_logger - INFO - request_logger.py:132 - 127.0.0.1 | "GET /api/web/item/3" | 200 | 4.86ms
2025-11-19 14:24:24 - src.api.web.detection.detection - INFO - detection.py:114 - Detection upload requested: user=anonymous, item_id=3, status=TRUE, item_count=1
2025-11-19 14:24:24 - src.api.web.detection.detection - INFO - detection.py:196 - Detection image stored at uploads/detection/2025-11-19/3fef67e7-9dc2-4d9b-a62e-c033c591cb33.jpg
2025-11-19 14:24:24 - src.api.web.detection.detection_service - INFO - detection_service.py:70 - Detection result created: id=90, item_id=3, status=TRUE
2025-11-19 14:24:24 - src.utils.request_logger - INFO - request_logger.py:132 - 127.0.0.1 | "POST /api/web/detection/upload-image" | 201 | 7.95ms
2025-11-19 14:24:38 - src.models.services - INFO - services.py:477 - Analysis type: paper
2025-11-19 14:24:38 - src.models.services - INFO - services.py:554 - Paper analysis: 85 chars extracted
2025-11-19 14:24:38 - src.utils.request_logger - INFO - request_logger.py:132 - 127.0.0.1 | "POST /analyze" | 200 | 6684.44ms
2025-11-19 14:25:17 - src.api.web.item.item - INFO - item.py:177 - Item list requested: user=anonymous, page=1, page_size=100, search=ocr
2025-11-19 14:25:18 - src.api.web.item.item_service - INFO - item_service.py:167 - 품목 목록 조회: total=1, page=1, page_size=100, returned=1, search='ocr'
2025-11-19 14:25:18 - src.utils.request_logger - INFO - request_logger.py:132 - 127.0.0.1 | "GET /api/web/item/" | 200 | 140.24ms | query={"page": "1", "page_size": "100", "search": "ocr"}
2025-11-19 14:25:18 - src.api.web.item.item - INFO - item.py:125 - Item detail requested: user=anonymous, item_id=3
2025-11-19 14:25:18 - src.api.web.item.item_service - INFO - item_service.py:79 - 품목 조회: item_id=3, itemName=ocr
2025-11-19 14:25:18 - src.utils.request_logger - INFO - request_logger.py:132 - 127.0.0.1 | "GET /api/web/item/3" | 200 | 4.93ms
2025-11-19 14:25:18 - src.api.web.detection.detection - INFO - detection.py:114 - Detection upload requested: user=anonymous, item_id=3, status=FALSE, item_count=1
2025-11-19 14:25:18 - src.api.web.detection.detection - INFO - detection.py:196 - Detection image stored at uploads/detection/2025-11-19/00edebc0-708f-4de6-a5bc-364d00397319.jpg
2025-11-19 14:25:18 - src.api.web.detection.detection_service - INFO - detection_service.py:70 - Detection result created: id=91, item_id=3, status=FALSE
2025-11-19 14:25:18 - src.utils.request_logger - INFO - request_logger.py:132 - 127.0.0.1 | "POST /api/web/detection/upload-image" | 201 | 8.17ms
2025-11-19 14:25:52 - src.models.services - INFO - services.py:477 - Analysis type: paper
2025-11-19 14:25:52 - src.models.services - INFO - services.py:554 - Paper analysis: 130 chars extracted
2025-11-19 14:25:52 - src.utils.request_logger - INFO - request_logger.py:132 - 127.0.0.1 | "POST /analyze" | 200 | 9156.59ms
2025-11-19 14:26:39 - src.api.web.item.item - INFO - item.py:177 - Item list requested: user=anonymous, page=1, page_size=100, search=ocr
2025-11-19 14:26:39 - src.api.web.item.item_service - INFO - item_service.py:167 - 품목 목록 조회: total=1, page=1, page_size=100, returned=1, search='ocr'
2025-11-19 14:26:39 - src.utils.request_logger - INFO - request_logger.py:132 - 127.0.0.1 | "GET /api/web/item/" | 200 | 9.80ms | query={"page": "1", "page_size": "100", "search": "ocr"}
2025-11-19 14:26:39 - src.api.web.item.item - INFO - item.py:125 - Item detail requested: user=anonymous, item_id=3
2025-11-19 14:26:39 - src.api.web.item.item_service - INFO - item_service.py:79 - 품목 조회: item_id=3, itemName=ocr
2025-11-19 14:26:39 - src.utils.request_logger - INFO - request_logger.py:132 - 127.0.0.1 | "GET /api/web/item/3" | 200 | 4.26ms
2025-11-19 14:26:39 - src.api.web.detection.detection - INFO - detection.py:114 - Detection upload requested: user=anonymous, item_id=3, status=FALSE, item_count=1
2025-11-19 14:26:39 - src.api.web.detection.detection - INFO - detection.py:196 - Detection image stored at uploads/detection/2025-11-19/afa97f09-148c-4d6e-8994-f3c2570594f4.jpg
2025-11-19 14:26:39 - src.api.web.detection.detection_service - INFO - detection_service.py:70 - Detection result created: id=92, item_id=3, status=FALSE
2025-11-19 14:26:39 - src.utils.request_logger - INFO - request_logger.py:132 - 127.0.0.1 | "POST /api/web/detection/upload-image" | 201 | 7.42ms
2025-11-19 14:26:46 - src.models.services - INFO - services.py:477 - Analysis type: paper
2025-11-19 14:26:46 - src.models.services - INFO - services.py:554 - Paper analysis: 63 chars extracted
2025-11-19 14:26:46 - src.utils.request_logger - INFO - request_logger.py:132 - 127.0.0.1 | "POST /analyze" | 200 | 6921.87ms
2025-11-19 14:29:26 - src.utils.logger - INFO - lifecycle.py:140 - Shutting down services
2025-11-19 14:29:26 - src.models.models - INFO - models.py:168 - Unloading YOLO models...
2025-11-19 14:29:26 - src.models.models - INFO - models.py:175 - YOLO backbone model unloaded
2025-11-19 14:29:26 - src.models.models - INFO - models.py:175 - YOLO trained model unloaded
2025-11-19 14:29:26 - src.models.models - INFO - models.py:178 - YOLO models unloaded
2025-11-19 14:29:26 - src.utils.logger - INFO - lifecycle.py:165 - Shutdown complete
2025-11-19 15:41:14 - src.utils.logger - INFO - logger.py:165 - 📝 Logging initialized - Retention: 7 days
2025-11-19 15:41:14 - src.utils.logger - INFO - logger.py:166 - 📂 INFO logs: logs/info
2025-11-19 15:41:14 - src.utils.logger - INFO - logger.py:167 - 📂 ERROR logs: logs/error
2025-11-19 15:41:14 - src.utils.logger - INFO - lifecycle.py:43 - Starting service...
2025-11-19 15:41:14 - src.common.mariadb.database - INFO - database.py:140 - Database initialized successfully
2025-11-19 15:41:14 - src.utils.logger - INFO - lifecycle.py:47 - Database connection available
2025-11-19 15:41:14 - src.models.models - INFO - models.py:148 - YOLO backbone model loaded from /Users/goodsee/dongwon/models/yolo12n.pt
2025-11-19 15:41:14 - src.models.models - INFO - models.py:148 - YOLO trained model loaded from /Users/goodsee/dongwon/models/best.pt
2025-11-19 15:41:14 - src.utils.logger - INFO - lifecycle.py:54 - YOLO model loaded
2025-11-19 15:41:14 - src.utils.logger - INFO - lifecycle.py:72 - Using remote VLM server: http://114.110.133.13:60005
2025-11-19 15:41:14 - src.models.vlm_client - INFO - vlm_client.py:21 - VLM HTTP Client initialized: http://114.110.133.13:60005
2025-11-19 15:41:14 - src.utils.logger - INFO - lifecycle.py:76 - Checking VLM server connection...
2025-11-19 15:41:14 - src.models.vlm_client - INFO - vlm_client.py:39 - VLM server health check passed: {'status': 'ok', 'vlm_ready': True, 'service': 'VLM Model Server'}
2025-11-19 15:41:14 - src.utils.logger - INFO - lifecycle.py:79 - VLM server connection verified (remote server mode)
2025-11-19 15:41:14 - src.utils.logger - INFO - lifecycle.py:124 - GUI enabled via ENABLE_GUI=true
2025-11-19 15:41:14 - src.utils.logger - INFO - gui.py:56 - GUI process started (pid=11536)
2025-11-19 15:41:14 - src.utils.logger - INFO - lifecycle.py:130 - API endpoints ready: YOLO and VLM enabled
2025-11-19 15:41:16 - src.utils.request_logger - INFO - request_logger.py:132 - 127.0.0.1 | "GET /health" | 200 | 0.90ms
2025-11-19 15:42:36 - src.utils.logger - INFO - lifecycle.py:140 - Shutting down services
2025-11-19 15:42:36 - src.utils.logger - INFO - gui.py:71 - Stopping GUI process (pid=11536)
2025-11-19 15:42:36 - src.models.models - INFO - models.py:168 - Unloading YOLO models...
2025-11-19 15:42:36 - src.models.models - INFO - models.py:175 - YOLO backbone model unloaded
2025-11-19 15:42:36 - src.models.models - INFO - models.py:175 - YOLO trained model unloaded
2025-11-19 15:42:36 - src.models.models - INFO - models.py:178 - YOLO models unloaded
2025-11-19 15:42:36 - src.utils.logger - INFO - lifecycle.py:165 - Shutdown complete
